Ticker,20-EMA,50-EMA,100-EMA,150-EMA,200-EMA
AA,49.86287636058788,53.702073943736856,55.304022557822684,53.99467215824185,52.48382083406503
AAL,14.124389356910072,14.919059911731622,16.041218639024766,16.687510286522627,17.04356564852898
AAPL,158.46207936300584,156.74597402854192,155.58756461830896,153.74765737342796,152.1106669838579
ABBV,141.5156403974136,143.49955562089968,139.82514709008584,135.40675973884018,132.14324146857612
ABC,145.4514126578163,145.39352791175003,141.69307713113434,137.87935935247856,135.11035700487102
ABNB,116.09399615438888,120.5083905083725,131.8237225644663,138.3460433768564,142.0874104481894
ABST,10.39902467353829,9.662406049763085,9.554023362849545,9.77068986467341,9.970748910925863
ACCD,10.947712484078522,11.379906470609011,15.911487196782039,19.943607090238594,22.68810952726902
ACHR,3.6367995441800995,3.8520313166060176,4.492636567169855,5.078620863874725,5.489272484415494
ACIW,24.477304713936547,26.250452743317112,28.277811887854725,29.539495557325544,30.317427216820303
ACLS,66.1142254152231,64.16427599941343,61.6315329925854,59.23264945900142,57.40387026063321
ACN,293.5157952447189,298.6787839811811,306.2349290360072,307.8600807602401,307.39310344347064
ADBE,387.76789475851155,407.20120206617264,441.8927232746628,462.8774153871622,474.47113931537604
ADI,157.87684725493025,158.976488617785,159.7691683550361,159.70603491169484,159.3170108017811
ADM,85.20213483432389,83.00247695620997,79.32276511066408,76.22067611472826,74.069305062937
ADP,239.3005846078794,230.55114730078338,222.86767690934283,217.7902356931507,214.2459089520034
ADPT,9.483999871674305,10.43454449554591,14.470513910014809,18.16050551693959,20.778039956005813
ADSK,207.09592474422251,206.45000367426675,219.0312521773944,229.61539872253636,236.39505467770277
AEE,92.73750143908256,91.146836383434,89.16222163906889,87.67573018905867,86.66021571310789
AEP,100.94371714372517,98.27111118626456,94.85891936220752,92.59781463413208,91.17119045027398
AFRM,26.763706389509963,30.814358261018256,42.59731645827204,50.30487132518016,54.85260024431447
AGYS,49.37326408540504,46.89401391101027,45.65191623197808,45.572146188639444,45.60309769129283
AI,17.66095512402327,19.41705616671527,24.621308084589128,29.74899738702447,33.5644622599726
AIR,43.478188011547545,43.997059115873725,43.10412971948773,42.11071158611218,41.38670257728456
AIZ,163.47813153202137,167.43156953955034,166.62451426285807,164.33027683587443,162.40674471857616
AJG,180.94687741680758,173.72189648648023,166.9267897077925,162.20657615723871,158.93498809933286
AKAM,92.40572127549433,96.49566100475326,101.14446564454391,103.31912332458735,104.42122563290852
ALGN,261.66206795012016,295.3171126266285,364.94494957936973,407.98071355222265,432.5698827207415
ALLT,4.709317099649273,5.531865053279726,7.2807174906867616,8.531720997601216,9.307752345027827
ALNY,199.75580576746847,178.85812252228533,169.8318981572077,167.14138646724462,165.72202694718297
ALRM,69.09106165620011,67.96847817090932,69.57718263839897,71.42847496147107,72.70145366057186
ALTR,52.5553647788174,54.69211015487811,57.91954151645783,59.637933885279374,60.482782410147216
AMAT,97.69914996614884,104.1201492867563,112.448368659006,115.9727350944382,117.34257405508453
AMD,87.27191250729771,92.31184258426433,98.2119776696967,100.18078629138523,100.71158684078522
AMGN,241.5639420170033,240.72726317571565,235.9929631731413,233.1029162058202,231.48092492477738
AMPH,31.61302674942681,32.622738143601694,30.917347036300395,29.248179975453088,28.117219274170612
AMPL,16.286828186124758,18.179834022610123,22.666399117127156,25.3902402757704,27.01834605526309
AMPS,10.100606001469409,8.810416963328095,8.500180772391486,8.559851963221243,8.638619147513904
AMR,144.82270745810888,138.89903394531436,121.9223196638138,109.62562680734,101.82631801383435
AMSWA,17.000698932960383,17.632999727571928,18.826446895416527,19.43323876361896,19.710465129820324
AMZN,129.58569545737578,130.24516912001667,137.54619085300595,142.66575131853605,145.74028614608815
AN,119.12654171401226,117.67452539594396,115.19464987956923,112.84600861622636,110.94221947473197
ANET,118.82517838063396,115.51458168241349,113.5411404127545,110.88780436387253,108.6011737207281
ANSS,257.7959446744989,267.27223190914026,287.70149448771735,300.603083572172,308.1418468204402
AOSL,37.757701289516326,39.544465799404925,40.49707771864392,39.99052058820564,39.32534298292929
APA,37.77207951392304,37.48251891049706,35.4161984118074,33.288805106479394,31.752424431918275
APP,29.324993303091404,36.14374797947073,45.51110707751607,50.546868497506416,53.33889423365061
APPF,101.75655458919194,102.93051070047545,108.1896530421529,112.79826094871342,116.0462120566207
APPN,48.35643255402999,50.86267120089929,59.013508516454415,66.75288249676835,72.2929015846867
APPS,19.77173309457904,23.946824051149772,32.50687277441828,38.08906597728198,41.41566150064964
ARBE,6.56742442501623,6.5873281524873635,7.1647240412958535,7.605664507709311,7.885841803322334
ARCH,140.2591062463443,138.02915508846945,125.97328238381738,115.65264284455394,108.60091765563745
ARCT,16.515045371036862,18.5404343583517,23.088513631662604,26.703973595451036,29.186852855988676
ARQQ,6.417605072189301,7.592227393327528,9.835841099715715,10.921824698400156,11.46808429188229
ARRY,18.82399256902665,15.928001912416573,15.290720916256879,16.059947562779293,16.888479402973047
ASAN,22.281555033977423,26.160075747024596,36.39928523497216,41.98192940659118,44.716784272234214
ASML,508.74932384797245,536.9781177841159,580.1434362483759,600.5811452726623,609.3209913211003
ATAI,4.253736143598345,4.490724674217181,5.585443817881177,6.406315952362303,6.932523254174193
ATEN,14.222789217170611,14.368382613482897,14.135423828707273,13.791062006328257,13.502195749897693
ATGE,37.97074498218483,35.935673703364245,34.32491556706546,33.92908240063257,33.81843449203624
ATKR,87.76023373977061,92.03713311724486,93.54319919374507,92.12828987849618,90.40545633407596
ATO,115.46602735000539,113.60061629629051,110.00296146162984,107.32911398014885,105.59010657548052
ATVI,78.41501444441042,78.20213298483304,78.064595936732,78.53063766365298,79.01587104980777
AUDC,22.469943103152804,23.199936376528314,25.03062780917374,26.195590695888463,26.86942895571752
AUID,2.9272764164065745,3.397008580255137,4.761629334046152,5.615989571510091,6.11955245628092
AVAV,92.39487507476204,88.83684182198213,87.06559363485955,87.38513000938242,87.9598985893667
AVGO,520.1115842387504,531.6096888122747,535.7427476684649,530.3461906605729,524.3785794512175
AVID,26.16584372246317,27.349636980398873,28.235182323211323,28.24818080924801,28.02801286291366
AVLR,90.41535679898142,90.39074215167346,100.03542453554302,108.29781278152993,113.73103153598045
AVPT,4.76136807844167,5.031902058249438,5.746510744414152,6.415778750702528,6.898574644365165
AVYA,1.7838177184902415,4.117456850109885,8.223175839303533,10.86916489403149,12.485161062445286
AXON,117.41059135747697,115.36945308912291,123.04249830926143,128.78900583647237,132.10436890513085
AY,33.41481873602488,33.12773593033431,33.21235777907714,33.37657938910839,33.47813478493206
AYX,61.85147912877919,59.79717764575447,61.988971195592924,65.11645957140456,67.67866928076002
AZN,63.2263315560552,63.721838379606666,62.36838401049194,61.09598047255117,60.20082231512169
AZO,2179.557151444895,2129.2634285252147,2034.1073027116036,1956.03597659023,1900.7659335364492
AZPN,210.8689929020657,195.7068695895568,180.265160699734,172.0782524640605,167.37010690858224
AZRE,8.413625356641859,11.144285783494883,13.973154159024064,15.893246631265997,17.179319716428815
BAH,94.90446187736192,91.31046739622583,88.10602643319996,86.63229100318127,85.84594874369861
BB,6.083794026554708,6.255120367981569,6.901000053279145,7.375827628975671,7.661360701984492
BCC,65.1419397496426,67.19518195976535,66.6926556738191,65.10761217986497,63.76520425361912
BEAM,56.573956340759196,54.8210170211768,58.925110428778666,62.69292933085602,65.02033459520302
BECN,56.90778024388089,57.369936461283416,56.826138006389684,55.99663011361146,55.305161199324715
BFH,40.02805473486293,44.783149560166855,51.87740122550788,56.01532162211481,58.32943185571435
BFLY,5.68418733798135,5.144805836626096,5.800378639759126,6.689808246655824,7.362311201936042
BG,96.38712775271216,98.35536828421193,97.37308876663073,95.0115729762582,93.05004776564711
BGNE,171.20861344565282,176.4395933003399,200.13754373929248,218.97028273495425,230.99484694437135
BHP,51.99577637323145,53.11762274715053,53.95979891351816,54.28918607876742,54.453446348248114
BIDU,137.20679439034987,138.89862817271185,144.18481855506585,149.569813988551,153.46746789741442
BIIB,207.38653997591436,210.07782841510482,220.92049576908462,230.35245987511726,236.56742479704
BILI,22.816576090690916,25.54264484321216,34.130609586877775,41.73833018544007,46.919513768131836
BILL,152.89781304758833,153.90165042299853,169.30703106678723,176.87329590846568,179.94355696682862
BKI,66.59724902848585,66.50241392284694,67.83018159976976,69.2146964116309,70.24769157024326
BKNG,1942.921231259674,2002.7406467095614,2090.7764124740265,2132.434532480391,2152.199469558925
BKR,25.648586920008793,27.57159770073407,27.869609726721233,27.3097759303638,26.783306171273697
BL,68.94007528049,70.5935390570692,77.64847730221913,83.2801741899046,86.95062908210902
BLDE,5.350679262939049,5.926887299073327,6.750626284108957,7.3106481814266076,7.676145551464735
BLI,4.18901993295185,5.398774368929526,10.080498758811842,14.99858358736253,18.752388688171212
BLKB,53.66532796010484,56.819449804369064,60.34000379516568,62.25460134704717,63.27009386694297
BMBL,28.4952528673443,29.626992381750156,31.7670592400802,33.8607335619717,35.349760020816404
BMRN,89.6009116123495,86.76814616306402,84.69631321378142,83.76018960678078,83.23854887422159
BMY,71.92502474301179,72.4057297321909,70.49115153077732,68.90392014089787,67.8727351952107
BNR,3.3183303734163987,4.163887756092914,6.959847633167515,9.396039151714463,11.095637868201672
BNTX,151.00925514328597,157.16453071462186,171.4094433366213,178.97381419789758,182.09821294368473
BOX,27.63533481080836,27.593782575336526,27.05068299736074,26.47008185752773,26.020084384248573
BR,165.8518562070696,158.9303950442422,156.8396636775249,156.52830369261602,156.31546026554108
BRKR,59.13697244356518,61.67274638133004,64.6055011769623,65.96708792837268,66.50872882754123
BSY,37.148729495502394,37.66642621148769,40.29044397987001,42.204923044475905,43.31013450230313
BTRS,6.568471617801579,6.35359886855184,6.946837484522467,7.661040127047542,8.195837880242248
CACI,280.47976188237476,280.3901783582421,277.42341322697723,274.3191327317525,271.94864402971325
CAMT,27.32433536085854,28.562033010464656,30.63431275895502,31.553583586519398,31.891628385556714
CASS,36.17981770072723,36.12956981179363,37.07265730813992,37.79749919828147,38.247963191911964
CAT,187.79235855371527,192.8526782619813,197.33061140277104,198.8771207585812,199.3837515441247
CB,192.40982839345824,194.40742096640452,193.21310656733866,190.13122856544263,187.4818599374403
CCCS,9.50442170627644,9.578507833712742,9.859685935526489,10.0669419102256,10.202397013465339
CCEP,50.35112067676066,51.13568304824924,51.65305608858153,51.827709618858314,51.83190984365779
CCSI,51.20144036257871,51.5700266760136,52.716447781521076,53.393772460675436,53.788001525523505
CDAY,60.3546619864746,60.715519859604335,67.71790493510919,72.98937638054477,76.23061153191983
CDNA,21.046528047142477,24.943851896458476,32.506059044280946,38.16638701950628,41.82897050479162
CDNS,172.91865284449443,166.98353495928922,162.14901184668193,159.15372487737224,157.03215116083368
CDW,174.25973594378584,172.9337713451922,173.8384716762251,173.69630039962357,173.06057863137391
CDXS,7.95138165091732,10.417330824770039,14.222955762573326,16.29059771588095,17.398718493724893
CE,113.78864413846802,123.14484449309917,132.5162371194423,136.51901930760556,138.33242719082904
CEG,77.55382816493434,69.38672545600654,65.03945270941341,63.44474132571807,62.6343488541498
CERS,4.587238793363559,4.957992162383597,5.267098489744512,5.448317087592935,5.558848250028176
CF,100.9658985881979,95.99081447201442,87.97657834080813,81.86177186506498,77.76438062929377
CFLT,27.39434850118192,29.59842263560861,35.520966390422416,38.94123162690726,40.874877844917506
CGEN,1.3378502199692903,1.8270913670106446,2.780280231012381,3.6010040805183827,4.195564825576248
CGNT,5.073595704538454,6.244935181015851,9.120181595422611,11.173116856325134,12.478622071188187
CGNX,45.10875570959192,49.73130631882059,57.04452283535256,61.437920707828795,64.00170072340998
CHD,85.1317143984604,88.98222994207146,90.62318490264501,90.60343131449144,90.34733764695265
CHKP,121.58482507960677,123.63225752515275,124.2859721014549,124.01349846030477,123.71767071209146
CHNG,24.67944495564767,23.901879229804187,23.12741149161447,22.720530259066535,22.476380191307783
CHRW,110.82456682553173,107.27782504819507,103.68281148838554,101.54713688306032,100.25000426086307
CHTR,428.8150483844381,465.1497341730292,515.016829098986,545.4573247026392,563.2731956301351
CIEN,48.355737038047124,50.8251445470119,53.5413408092056,54.54218559787517,54.889850458879295
CISO,3.033111990424336,3.7344064198688147,4.086610121072983,4.200359257195159,4.253970071129651
CIVI,61.18943900136853,59.20468369445058,55.83279531703728,52.90105970122677,50.78877251647794
CLBT,4.927146078100437,5.313969308638622,6.092076728892461,6.667291263077593,7.0379405658240035
CLF,17.55612065107527,19.091979743475328,20.28219562210354,20.475483427508685,20.409805886082047
CLGN,8.271652172742245,8.899087023450425,10.303463752520214,11.210371247598514,11.722569990627804
CMCSA,37.21661319284295,39.84682798481031,42.9783063982268,44.80090427854355,45.845243000105484
CMS,68.254068201247,67.4992369656292,66.07393723895964,64.98859687721556,64.2728119728041
CNC,90.44152649819269,88.05649752074417,84.22232937066062,81.51710584598558,79.74354687810528
CNDT,4.238021281196899,4.511462880235764,4.873864427642908,5.0978767178135325,5.224409172541331
CNP,31.728960353021122,30.777802631931348,29.520483986132813,28.595629501563568,27.969868016098907
CNXC,129.6574220074459,139.7344261770298,149.69120574516347,153.0644738356502,154.17700145639697
COIN,73.69840059968908,89.02423462187848,123.68530490786051,144.37490466784783,156.40336126974202
COP,105.26517752518771,100.02787103670988,92.91611477215574,87.22475539251154,83.29607077791638
COST,524.6745208097637,518.1330433254461,507.83561647190334,496.15484352471077,486.9326210117861
COUP,66.44111919328513,75.27230230704909,102.59575921365048,125.20982365697911,140.70223821011712
CPB,49.000770061755745,48.01647048531512,46.5803060778,45.87789470121582,45.526211493148296
CPE,42.198539481568794,45.110586796533056,46.79900111842541,46.269081142646975,45.37693970822862
CPRT,119.32281155310288,119.90094803526624,122.75514743104151,124.4379585053811,125.21278264637385
CPT,134.9949411894983,139.87150413746184,143.76130962106643,143.47254874978384,142.27145140058533
CRGE,2.8018957953333463,3.5025069899983294,3.7371048819925625,3.7010240939305588,3.6336804649112557
CRK,17.970789078526376,16.21736733539229,14.10488929877731,12.760637019830876,11.92208299558283
CRM,168.60662871101346,178.03220141302407,193.8657760641288,203.69346077390003,209.39917388509312
CRNC,21.88740542722312,27.7578163881049,40.134067412056396,49.173608884306525,54.87876922265103
CRNT,2.2860766195266478,2.2839024478516032,2.397518400601705,2.5325268969066577,2.6287257990229262
CRSP,70.37312474872061,69.38279165503126,73.29878001848854,78.72590481679279,82.8740123570003
CRWD,184.69504206440712,185.28710173467292,192.3180871191633,197.23583690171202,199.87204970682515
CSCO,45.24622449666367,46.42036460093181,48.449255136335545,49.26385696808338,49.54491883919447
CSGP,71.31219274936134,68.04613473648101,69.15434212861491,71.18195660385156,72.69461805383462
CSGS,57.51362668563367,58.47065536244053,57.44406219640505,56.03311651759551,54.96055497058075
CSIQ,40.487099447700906,36.74062559850293,35.3368179204319,35.49998050209059,35.86222771789686
CSL,294.53201149978764,275.60965914305274,256.7487626145044,244.69331297083528,236.75272368594202
CSX,31.914377075965344,32.11013772372195,32.54321491640968,32.615959405331616,32.57444841649611
CTAS,413.65945601514727,404.49655730372604,398.82792222286497,394.7791065834131,391.65565348267813
CTLP,5.588049250377065,5.855082138478037,6.612497244772472,7.203816187232554,7.583049453226371
CTRA,29.531731412121975,28.41582739829136,26.204055291869636,24.60269382717667,23.576569577793496
CTSH,65.85279056678553,69.8315058988097,73.37701005708415,74.59782078247571,75.08030104692527
CTVA,60.19973892103485,57.86501783918551,54.95168162018066,52.95105484141445,51.64994255775422
CTXS,102.47676691386005,101.30632968148697,101.47656956208488,102.75689389393312,103.98819308851252
CVE,18.45308149760426,18.216932789207636,16.818098580519738,15.58295323763629,14.726823424456894
CVLT,55.73288950099572,58.88425049833349,61.75596873848653,63.102577936001836,63.710755982043274
CVS,100.20812861977439,98.76358845571602,96.80744651980484,94.6143564624468,92.88177543681873
CVX,157.00870846274088,154.3478467313344,146.04186532355442,138.7675393140355,133.7422344034121
CWAN,15.013809759112721,15.25397441812979,16.257739935390823,16.81911043121459,17.142566870395914
CXM,11.671482099332595,11.845445233111915,12.488268255223904,12.95824186858167,13.258298420704326
CYBR,144.7632247413398,143.84802150474587,146.55710419963188,147.5588752214144,147.71766024292765
CZR,45.954702511497445,50.85407307106821,61.02664799718642,67.05644997362866,70.40380575388072
DAR,73.5446861524722,72.3254396336447,71.88827042060124,71.34699548617802,70.83887187921198
DBX,22.46253558089803,22.54533204208461,23.235955219408996,23.76346758609009,24.060691239523663
DCT,13.102465902345516,15.597518662615188,20.035289687288163,23.34976452476125,25.532466606578208
DDD,10.409582745246261,11.586429405249081,14.333598195689051,16.200840003457465,17.297036651885602
DDOG,101.88587590937969,107.87268601200742,116.57610917128096,119.556044434788,120.3804367721083
DE,356.7617025971754,353.4633620479732,355.1774556774125,353.90632504155127,351.9645094498679
DG,245.00578257303135,240.183886777767,233.12972956687253,229.01592239710618,226.52297527849532
DIOD,72.86902745094933,75.1400898273781,78.83421681589516,80.42828988058656,81.02652016911144
DIS,111.28626165862616,113.21669321341318,123.89087782278912,131.72640889902056,136.58825638545616
DISH,18.253509333971017,20.68419190208134,24.824019137589936,27.31649362538984,28.75002746258728
DKNG,16.759377563410933,16.76912947493385,21.112762765215102,25.20279243025168,28.03145085519565
DLB,75.0504814046587,75.80679573366335,78.4030307451309,80.45440859580772,81.74573172785527
DLTR,151.46350340844666,154.08439292060004,147.84811754151772,141.9217342663149,137.87203626393364
DNA,2.937549716104365,3.301417926696473,4.412565290544567,5.174594856016633,5.6404853454838495
DOCU,63.285415524317884,74.95334619152803,103.82932973510604,125.34560495823038,139.044585789486
DOMO,25.410653893848036,31.09502796253651,39.51952024021909,44.712530352687295,47.692709923770636
DQ,64.06524005209783,60.37649029542663,57.50035611707074,57.2812351068456,57.538087242933216
DT,39.34780772462706,40.65370370668289,44.28977375704785,46.54562059671514,47.750656195126886
DTE,130.83228051178307,128.30006278466237,124.75048035258695,122.14402907532245,120.39029230851837
DVN,65.31680107088944,61.65299898059855,55.87781693697805,51.26516301195968,48.100095448990025
DXC,27.35921236600241,28.96048058156033,30.34386785456131,30.885294752384837,31.078250654521785
DXCM,86.5217006875854,88.90661647687374,96.5354106377034,100.44133052363381,102.2755372192862
EA,127.96430605938568,128.32540232848132,129.38934968470542,130.37325703616816,131.01801004127088
EBAY,45.14314776954478,47.264506922540114,51.29706717851162,53.63430264405711,54.885949974450156
EBIX,23.496100511761,24.577532022274262,26.477404690353186,27.49625925749208,28.06536709637935
ECOM,17.82131526855653,16.655977125385647,17.573273460997854,18.417867068827153,18.92486176660611
ED,97.94027096337949,95.08183591603841,90.6874086329544,87.63323863586507,85.68184750138492
EDR,23.45663479860822,23.579425969774203,24.63524519075836,25.214417681808435,25.529237564857098
EE,25.237036533106625,24.58741633316873,24.49080620539677,24.485364845527204,24.488107112775392
EEFT,94.59067591748322,102.99550770470736,111.14304335482984,115.45514960181382,117.90858006058758
EGHT,5.013867758543827,6.67230123221814,10.116525891273175,12.631370001746314,14.255089129701124
EGLE,47.069218611400586,49.976607218485206,49.15107690564108,47.20317815410896,45.61292400676074
EIX,67.97080745040901,66.58916318601298,64.89422301067646,63.60733229200424,62.741651640857384
ENLV,5.050107133452594,5.101460267716385,5.72782037998409,6.32978376434053,6.758420816060929
ENPH,281.6292927128264,243.49703705139893,216.68428952976387,204.7142196731709,198.04527005883432
ENTG,99.34599019246753,104.17628614863756,110.28572136065837,112.60060509696808,113.38006048932883
ENV,54.44676428466064,59.04411437140744,64.49052588873681,67.32442793933697,68.91131740923846
EOG,116.54876414217945,113.64492443326398,107.34372471021926,101.58895858873758,97.47568752441143
EPAM,403.8568396380225,379.46830631380953,396.1923350491408,412.08917597604335,420.83454116519385
EQT,45.79105808236909,41.78495885894073,36.46081421155368,33.1706395754168,31.16294912457184
ESLT,211.46616399191387,210.73452867181473,199.31854474965525,189.85476739117345,183.50154320339107
ESMT,20.17184576474782,20.012858921291198,20.588007498546496,21.024176527320904,21.30274180015293
ESTC,82.03028328668677,81.40488386194912,90.22027677189492,97.65256313108796,102.40974474217916
ESTE,14.698192207703888,14.485640919900273,13.672187803459174,12.913968054447075,12.365389441514587
ETR,116.91354438037189,114.88829898758077,112.0965919270025,110.04416152535242,108.67700819294014
ETSY,105.22180413404034,106.63676619139733,124.51706417387071,137.31864918765353,144.95532681679362
ETWO,7.1455099325457265,7.593217764249016,8.352711547997432,8.833820819161366,9.119276612064091
EVBG,35.88274032211786,38.548478765642564,52.525414715507665,64.21506199623376,71.9850326056154
EVOP,31.71936913509575,28.53767746550444,26.688267810269334,26.15310883067226,25.957501782920975
EVTC,34.92511012582086,36.620655831413686,38.579693990410384,39.4879877582576,39.909117762211494
EXAS,40.85298339760487,47.24334483601917,58.74650479204807,67.18465810441472,72.75983053638488
EXC,44.7862727503071,44.60217231352141,42.981868275516426,41.4249603275025,40.314976870595224
EXFY,18.58512403015691,19.373649913186895,20.722674816817094,21.551800774744603,22.05492670756355
EXLS,167.98856560797708,156.7433872864061,145.66103792269112,138.70862563470115,134.15501362530355
EXPD,102.40368408970649,103.3277043588146,106.03495351477183,107.46271348493318,108.05183136657436
EXPE,106.6705546955097,118.6439383891523,134.53985346737596,141.46702042217456,144.6471995529315
EXR,194.67551011557214,189.47023678856462,185.8463377125609,181.76395286072125,178.30996744595333
FANG,130.04349982651968,127.11890309552649,120.87646876248378,114.68748047748483,110.08846657127563
FAST,50.983960632729726,51.860416807968605,52.706920462363904,52.81856046100973,52.71990499948993
FATE,28.545322026225204,30.201658936373576,36.46370901232643,41.91014244934019,45.600571357678085
FDS,433.20548151290706,418.3186608226676,410.0693810652049,403.31230386464733,398.05345073242876
FE,40.194495003122896,40.15243629500552,39.84106892813182,39.22366285320238,38.694914426712145
FFIV,160.58701841470926,167.53204400393753,178.30383997519934,183.29393148634873,185.5454958364933
FICO,458.0412324021643,444.42149375314,440.51893433499663,442.2665010874332,444.31623205895283
FIS,93.43424653432804,96.35835462378175,101.36788682390053,105.64907896297798,108.6357069044383
FISV,104.00851864496795,101.64368044858331,101.82667390965902,102.82243383632667,103.61810824135533
FIVN,97.7986990203052,102.11452644248993,112.23757171409504,120.30778341728335,125.5752317560556
FLT,218.96669464746262,224.76698244767255,231.64896451986797,236.2972878599527,239.30809604289303
FMC,109.90696753536308,111.72766472607236,111.9362925769701,111.25079675128306,110.70923819207282
FNKO,22.677265416950327,21.759542460553977,20.53509546709522,19.834689954739908,19.37996931401667
FORG,18.677847961066476,19.518853466937625,20.23883331245737,20.734834931625766,21.057401179608714
FOUR,44.51405932424981,44.77617069880885,49.921183992310546,54.11004472413012,56.81013336459204
FOX,31.559572498623773,32.03571228432868,32.90651322126457,33.249569329401886,33.36231308516749
FOXA,34.110005990284236,34.66427549383563,35.572988512568436,35.85481049648327,35.89662626642123
FROG,22.02678701947314,22.532074283511598,25.199231979080043,28.049996653231904,30.23595545187212
FRSH,14.398459504648743,15.28969231755109,17.485720103960396,18.836659130423676,19.652335450602312
FSLR,114.98449345596305,97.32606678281117,90.32911610836616,88.74428829836316,88.19417557000585
FTCH,9.680422266024502,10.792914281854218,16.067919881118897,20.494025219588025,23.473418618268706
FTNT,53.025005732968935,55.897546810189155,57.21847833478249,56.62939054830496,55.74194163014318
FVRR,36.441716433967244,44.699255035822354,68.40231988813294,87.50380354420064,100.22647821055577
FWONK,65.23495921376215,64.08581286797894,61.929470904631486,60.005930714643625,58.61198823072374
G,46.201169214366615,45.378294168251166,45.33967636882734,45.37593117808105,45.33494417616529
GD,229.10661378652628,226.33905658110157,220.29992218217208,214.55227145253934,210.29107979644849
GDYN,19.401543903198547,18.963774232201303,19.804800956134727,20.200402780476864,20.270366856042376
GENI,3.9785587973317478,4.042745617956821,5.774616898707255,7.303226537782827,8.319928058313424
GH,52.522333600503934,53.10071349220167,63.141523294824616,71.94499529650469,77.9266398129715
GILD,63.12052570434783,62.17622743783574,62.211303127608616,62.30933948813077,62.31785496677217
GILT,6.4799549491568715,6.748109800758799,7.224847910888836,7.549822808058766,7.746013595635439
GIS,75.57279123057712,73.21106270116425,70.06609918053135,68.06812061644399,66.81690114164556
GLBE,30.430799798788982,29.109244444359174,32.8778763999187,35.80768003209192,37.6175294225699
GM,38.44929531685409,38.652890873058205,41.87700663158542,44.016038793788255,45.222846621501915
GMDA,2.549364572023534,2.5463065545958874,2.9427209980848743,3.3529572166279134,3.658119643980836
GNK,15.593084036019722,17.246535923014132,17.38330799205033,16.913263650448684,16.471591172262364
GOGO,15.274877591840259,16.2001151484206,16.002240058341282,15.538305976503668,15.173714205549963
GOOG,112.26976924613449,116.33646129200396,121.12338935098397,122.56371236729379,122.72954203724382
GOOGL,111.42871757205103,115.65131787696343,120.47082914778132,121.87024920848302,122.00085757437316
GPK,22.444494206158396,21.71697013671289,20.912047841664883,20.38370238025381,20.030951288912934
GPN,127.64786837769651,126.92222348299352,132.6516298889728,138.6179568455273,142.97413918568702
GRBK,24.727956476813404,24.0512187187469,23.6813140633562,23.565176308415662,23.48641886762491
GRIN,21.101372466092464,20.270216578313363,18.96972318483857,17.64020584808454,16.65554966242214
GRMN,93.10523122111069,99.18600971653107,107.97198247675338,113.09087199032375,115.88346564470032
GTLB,58.659260451444524,56.99901796967093,58.72742649187539,60.444237402433146,61.59305812955582
GWRE,72.74971673863817,77.77750742927981,85.60765752198333,90.56319791325006,93.55270070093493
GWW,545.1419140312481,519.3153889449117,498.75970527663316,486.14978164884025,477.8665067963358
HAL,29.8104172821977,31.086417002828842,30.5329237598835,29.391360495440917,28.49631396259865
HAS,80.2534171286576,82.45021706584731,85.30002447245494,86.72903787497717,87.45802141436815
HASI,39.15611361099379,39.547863877712565,42.09297361730736,43.962653620605685,45.11793793875691
HCKT,20.512670905119606,20.660899308699765,20.43934878251725,20.063929034037585,19.746030375836796
HCP,34.51494044210729,37.535279490003255,41.48968630159715,43.491997301113855,44.62698590577467
HEI,152.8386610011707,148.26394174217316,144.9571450727011,142.98576255814297,141.6728852653273
HES,116.42773665809855,110.95379707455484,103.63489357399911,98.3133795749518,94.7423704672589
HLGN,2.4157623578045713,3.0382051668031442,4.193274059488188,4.901069180780901,5.322499741731648
HLT,130.5463034610474,131.63173890424105,133.74683391352448,133.5647177209637,132.85400215060565
HOLX,69.62533513717761,71.07175733894125,71.91418142447236,72.14889647198312,72.224810370642
HON,188.61600073159627,188.8789193594509,192.50044340755196,195.2315491096566,196.8190514293095
HOOD,9.876927182668016,10.427141714023229,13.052354376365244,14.959119032583391,16.17262095051996
HPK,25.005371544821077,24.81803154404008,22.808384409819265,21.015021102299112,19.803643851906497
HPQ,30.604437518425307,32.56184102926832,33.0483604998517,32.672768587105196,32.248488506995066
HRL,48.311746543321604,48.47897042001962,48.03525085646878,47.62611052266386,47.36678467892681
HST,17.986287319394616,18.004953950840317,17.861795372189853,17.638579391006243,17.454200429177405
HSY,224.29132510949398,219.26589235552754,209.95268955364506,202.80740364551656,197.96248082522973
HUBS,327.8417030290933,354.7433998594001,411.6984672028928,443.1996309785306,459.109600645343
HZNP,67.46639952602497,77.4590010696741,85.59310235850552,88.68667438253452,89.97997220944667
IAC,69.0765196522092,78.26116733656347,92.06960095995741,100.468963858471,105.34042159282042
IBM,130.81908212523606,131.2797394022183,129.63889064985992,128.163135721382,127.09344389139314
ICE,102.08128616261858,104.69060221218967,109.61930110542485,111.80798241349031,112.75017626874303
ICLR,220.75554768918795,225.08597913536923,231.38658448571263,233.30319298463576,233.5061961408975
IDCC,52.70232274520471,57.17690277260301,60.37731216865698,61.82933876399392,62.55540209186165
IDXX,366.61242021505336,393.58861203044717,441.02085013050976,467.8661656119155,482.22922556090174
IIIV,23.799947164125044,24.64554222510018,25.08249982252229,25.480234197504085,25.783323134454143
ILMN,207.63228289560084,230.60852293604125,272.7186794183601,298.56897147665677,313.6080759529566
IMXI,23.368242428790957,22.114315899595407,20.49874937315284,19.58031835090342,19.039020576638585
INCY,72.63041112269931,74.09562694428968,74.4554182325453,74.9016761274458,75.34301758702134
INFA,21.800409796917453,21.6335368772357,22.300271844706916,22.803731387397963,23.120897024477156
INMD,31.916341711215207,32.30360975652853,37.198239902228,40.02434150131809,41.34157261710871
INTC,33.650393925739664,37.53427880891534,41.486252262776716,43.664531422664666,44.92502269447422
INTU,438.942714337236,440.0297176934115,457.66308940430713,465.4523591917492,467.72980007672066
INVZ,4.983491572677551,4.624309232506036,4.889285673119876,5.374110816167497,5.769330264311843
IONS,43.187042264747795,40.37565514773783,38.621118635029745,38.39623342260283,38.561414504001306
IOT,14.089368931264952,14.162249165487706,14.664195662359647,14.993570008319391,15.194680491805457
IOVA,11.47833280994056,12.350529172867802,14.639065369034403,16.674401599786968,18.152326608767165
IRDM,43.92680854695701,41.67064169518197,40.46823116128706,40.07363404892465,39.865467303141266
IRM,52.17871964975498,50.7066459253039,48.882586719843424,47.292160288753166,46.112951189400725
IS,3.933017887492603,4.02785921038222,4.961625820729051,5.690847696882164,6.159764792158825
ISRG,217.3901813413136,228.7434314656855,249.45183086692967,260.41981866398095,265.9453347336929
IT,290.3211086640798,280.60857990044127,278.5075905846579,274.78096883858916,270.8183822916587
ITRN,25.009459567106102,24.610255141614054,24.237647520884504,23.967354987981373,23.73985085429411
JAMF,24.530745250075256,26.36908358848712,28.842610723042718,30.210085666773605,30.977266806524817
JBHT,176.28751796389818,176.55166081631103,177.68743231627005,176.97731664397344,175.87038110068718
JD,59.641978657707874,60.28633561272882,62.820137743123304,65.01069172100763,66.51581535953535
JKHY,196.7044005631964,192.08452248309985,185.1228876072231,180.64983856611553,177.84904543818658
JKS,60.7685693148614,59.3643121443865,56.392120522519605,54.86837509298765,54.0963224903787
JNJ,167.1384027905119,169.7089626121773,169.15798347518606,167.7856024527415,166.65621771717392
JNPR,28.543993529620174,29.33832942184959,29.826882150679666,29.63051496122286,29.342497920785355
K,72.56800442765281,70.79685217056276,68.20048765180557,66.66945559112564,65.74954556060847
KD,10.75559739708157,11.275019399543707,12.304555560553208,12.891714932062865,13.238047915683119
KDP,38.141551346346844,37.46755971136989,36.78897405808621,36.27558133371052,35.90347339924116
KHC,37.10493087425207,37.55459551913053,37.38295665818753,37.095144922686146,36.862977592144226
KIND,3.3112838276259167,3.7074601419266493,4.338381847128568,4.676401351955049,4.871590227504312
KLAC,352.10164909762943,350.1423747362142,349.3872923200428,346.4328285127092,343.24749801442414
KMDA,4.945453376581774,5.018655158695115,5.239982968756767,5.397876849185948,5.5032269751204925
KNBE,18.502185860932485,18.697318715117643,19.676704197190045,20.280203287847645,20.63256484090547
KO,62.022003374021814,61.88081305185914,60.493662556186536,59.2490616999045,58.37606586123559
KR,48.51839468270744,48.91413323441792,48.05498044357171,46.77993653347413,45.78337546659998
KRNT,31.01751734038136,41.77533249339488,61.7797242198674,73.0952381785535,79.22621019897488
KTOS,13.425089783149227,14.551226957147524,16.359141002622067,17.644317851251976,18.47028611602282
L,56.83200070526383,58.380394422928234,58.65083823481684,58.06038057147031,57.456491713280144
LAW,16.815615650994523,21.338153667391925,26.010657424035486,28.450724046209537,29.845406786149567
LBRDK,106.1322329049565,115.5118787884238,127.17689844074809,134.0195941810606,137.95391229258246
LBTYA,20.389357884187845,21.796363121503248,23.339257804147145,24.09243571836223,24.47005004287447
LBTYK,21.51136833435481,22.795678645950613,24.107975672541674,24.707212535599947,24.98697921976625
LCID,16.953326194408742,18.95249869042975,21.662006558596094,22.79991440697445,23.24334349580783
LDOS,97.19130148923544,98.79937000035562,98.6105914990512,98.25370957387644,98.02008200639114
LHX,232.158627201437,232.93994590834996,230.61315946913658,227.4475489019692,224.9018609393321
LI,29.56576020171442,30.088926918915732,29.531457668118826,29.191992526001282,28.98040805958474
LIN,290.579305836189,295.9583363370208,299.2210167301588,298.65091067269356,297.2988721144236
LKQ,52.68039956442972,51.86069730118791,51.13223133397319,50.47514770979202,49.90665231398046
LLY,312.39264101487896,305.74894413422595,289.51528329106833,277.0827850874052,268.5713199476537
LMT,420.59384749247465,418.7479970487896,407.8179019858293,398.75351164121076,392.80698154190185
LNG,156.79784884027504,145.49922035981342,133.18378730896964,124.78490535027814,119.2309889340584
LNT,61.409640309564125,60.33307824336911,59.269676776346394,58.46285760462005,57.88969853823451
LOGI,52.66720702691797,57.43149025047293,65.64717051885718,71.33751118065503,74.90251326043187
LPLA,219.12212185646155,204.58388815183366,190.60327403094234,181.68582422098072,175.81548167604058
LPSN,12.734298466515257,15.986519633344818,22.918842456962693,28.139935353535652,31.54727305544604
LRCX,451.9270821593132,470.72325062366133,500.35967411023637,516.012733312499,523.6898089921922
LSCC,55.57812001678891,55.44506556365109,56.372384030778456,56.58475084895707,56.42980677509287
LULU,320.10668936442096,317.2599218717213,328.75693184785825,336.31105705918617,340.37835956605056
LYFT,16.342903827095103,19.58806377060385,26.376917867407577,30.75346067147027,33.36877146551417
MA,335.33700437491746,339.6112844889494,343.8709595634044,346.0108659982558,347.08135460194984
MAA,173.67326991120814,178.61327517266335,182.7354622026323,182.22090823192826,180.69750892551022
MANH,139.14329587373965,134.5737582077598,135.16241794513036,135.7862417325059,135.82689118426413
MAR,157.40536297278035,157.78500462661452,157.5452684192532,155.8662722100023,154.2814687086319
MARA,12.558818696945487,14.069006259097954,18.61468116261101,21.224472540367252,22.554161381985207
MASI,149.14359925076053,150.79438552217044,169.3781463169923,183.61480038726145,192.51730427225974
MASS,19.16325135329212,19.13724091614422,20.983133878854428,23.16012566684474,24.80685391150242
MAXN,19.524472057668394,16.617095157545858,15.830650939428766,16.229405224509527,16.7117052714944
MCHP,66.48910205857871,66.99129324004416,68.89427282797583,69.91673256873175,70.39085946144495
MCK,351.98391087290855,333.9825862355975,306.48508524298853,287.6944902051302,275.6545600884851
MDB,294.9097472162364,313.38554122535515,339.4794335564448,351.2530276162293,356.15811046362035
MDLZ,62.28475633523876,62.60647515494122,62.44694431778238,62.06569794264636,61.729086299679025
MDRX,16.67340188325433,17.053542276952008,17.39194759920153,17.338917898009786,17.22204390371055
MELI,898.3796391479121,899.2431993763695,1001.2141420743133,1084.4840162545988,1138.4676809334749
META,164.54382366353693,180.42293601318536,210.66089082358005,229.82395674727582,240.994308223595
MGA,58.866302516817434,60.73454972511564,64.65107900262574,67.19695607314203,68.641608429822
MGI,10.325761697988513,10.132738654109732,9.73634024563728,9.430444324484217,9.220032045020696
MGIC,17.46032805986346,17.691080345112717,17.85014168890523,17.828216385442506,17.750795812022243
MITK,10.122286543776049,10.728786651617787,12.23486110571954,13.186975162073495,13.731304619931661
MKC,84.9552741072086,87.74072647052986,89.19943247840337,89.37865244744192,89.3539527044856
MKFG,2.4676570266953615,2.747487142334955,3.696494644897062,4.4965848898926835,5.046134133914349
MLI,62.798359978956285,60.02405067986924,56.89048954757122,54.70359933325108,53.205194357897945
MLNK,17.528740891830626,17.693620925385982,18.30471057500819,18.733888002723642,19.002586302400086
MMC,162.8788597945103,160.97987753071794,158.55301086733823,155.83853021900413,153.60635036111438
MMS,62.206087692515915,64.73579073025793,68.74037379538848,71.16153801383335,72.54735582898782
MNDY,122.40515853515713,128.93182974126552,155.58203481919992,172.7267664438941,182.87879615804542
MNRL,27.676227630870947,26.556026396983654,24.823682236997062,23.48025353694577,22.549095406452167
MNST,90.87069183524501,90.35938158664364,89.52575955153999,89.34994561990152,89.30424745890859
MNTV,7.828601127137872,9.957596813380183,12.718710879157245,14.321640077564847,15.27437494677299
MO,43.74217215238028,44.95425749884335,45.48388097622784,45.25790117535364,44.952975683172944
MODN,29.317277930837502,27.709901716650236,27.89201113768198,28.63891622433483,29.246509188566062
MOS,53.865841255157946,53.670043152088276,51.20279467661798,48.55567649562922,46.62798605534257
MPC,96.57652955760494,92.18698652574442,85.10033348265632,79.94943581639615,76.52756629414431
MPWR,455.87069733726247,449.57703404444953,444.9901074267393,440.17778980435605,435.7523872740473
MQ,8.22813046361963,9.309047833569112,11.356563825742953,12.746611289641963,13.615809813751438
MRK,87.9562917108289,87.22908778116789,84.39419596849892,82.37996471313957,81.10044170201762
MRNA,147.48371209409993,155.2311423675396,173.52995413336296,184.4043367609088,189.60061954505798
MRO,25.05700065402021,24.40798840387553,22.64286894864002,21.047922281026572,19.92316048158825
MRVL,50.18668756229491,53.542077237066394,57.282059485819545,58.35535121312472,58.5380322874607
MSFT,265.7698314891206,270.9371932148778,276.83359249031264,277.70328789806047,276.96635304758814
MSTR,253.96173208603298,282.8713440017796,350.7928749341131,394.00612705335,418.48294800307207
MTCH,62.80571975803693,72.83846415687542,88.53273520233633,98.59735010159113,104.68398974741748
MTDR,57.187743687368915,54.48849480086108,50.36655185863765,47.02901109870224,44.6759848198858
MTLS,12.602611362985096,14.209357432074537,16.904432227893192,19.152794996779015,20.799045771654118
MTRX,5.4915444816979715,5.83876788782771,6.707863209202857,7.365832437202649,7.794578933956257
MTTR,4.582249061543174,5.472083594286264,7.749718371972587,9.192366808572649,10.03408005013789
MU,58.40089322044511,62.97410056962128,68.03509874352291,70.41242963402175,71.59865159526525
MUSA,282.6190474805223,261.9544136403092,235.718204230863,219.5936538140527,209.61350392210457
MYNA,7.748871432176295,8.396476041828677,9.082605044795018,9.423087038530662,9.615668701920951
MYPS,3.8230866333724745,4.274043597016325,4.680169656163418,5.008609567971045,5.252510973868249
NABL,10.005074341067616,9.99501307362759,10.297193759338573,10.525526630949482,10.670676388821175
NCNO,33.98189489792717,35.56787098914483,40.93342537985191,45.105336059942864,47.86600690918695
NCR,31.338697328262672,32.95530126556181,35.07887799638374,36.1255020488769,36.61648894013393
NEM,45.736318249820606,52.846018930210214,57.009085462594946,58.15430760622748,58.57178079477015
NET,62.31116244849136,67.66692654376368,80.83558645216476,87.35933401608608,90.33745527134636
NEWR,61.060734587516606,61.31227821425494,65.56108628930662,67.82752298276071,68.873222609621
NFE,53.64004317010439,47.91510321018762,42.62237679930215,40.53742156012089,39.66074442200699
NFLX,225.52853682003433,243.18609841597004,306.26560940284145,349.19341367564186,375.044291674229
NI,29.944290996024428,29.609632160190497,28.731851723266374,27.981126876018298,27.461470680810944
NICE,211.72557558719285,213.4294627120589,223.40375162763263,230.0443286706072,233.81832017538827
NIO,19.880831626814164,20.349165184393193,23.166286096702613,25.694654772145338,27.41777290199975
NIU,6.09027504162527,7.592379410994496,10.942429106536848,13.685435966808214,15.552651830159904
NLOK,23.06498307411357,23.785512575030467,24.32525888689065,24.399417451548057,24.34805951733485
NNDM,2.9940284767501053,3.1716739839795762,3.64294205202553,4.089098647736465,4.404572456491517
NNOX,12.955867415387536,12.572129888480836,14.172415244418394,16.372499341230526,18.115750187062982
NOC,478.029733114531,464.4702325122951,441.37604921494386,424.7658126237447,413.82337487845655
NOVA,25.405027744896785,23.60991863647266,24.46381340447962,25.87599680609857,26.93081075613628
NOW,458.1736028307432,475.156894109458,503.1919964856373,517.8838652698662,525.3175730749507
NRIX,15.90306027110533,15.500185859528603,17.48393526903628,19.477522846502993,20.866582043034693
NSIT,89.47575568849649,92.4743401885745,94.69934432193506,95.08316017031551,94.93295520004814
NTAP,71.43200975480168,72.23770117950778,74.71379740903767,75.54461927273539,75.64964041441245
NTCT,32.619418294303685,32.85658751372521,32.27293863262352,31.683989220141186,31.259969197680295
NTES,88.6185562435881,90.99569129085702,93.02776687434321,94.24995255918626,94.9943324145935
NTLA,61.48546881819605,62.506035073215294,71.18013677215644,76.49921706487041,79.08836286392139
NTNX,19.56090320840277,19.710245951229396,22.495680555470123,24.34986415625302,25.425951329328754
NU,4.828538390655272,4.948106821666072,5.407314727584017,5.6516938768532645,5.790648246840835
NUE,131.71434336717672,129.32671336397289,124.57124525250981,119.62173085623908,115.81733968754752
NVAX,39.80590380672149,52.249967309455144,76.14640238135186,92.98046689322165,103.32330414390945
NVDA,157.7363781289292,175.41543777008783,192.43133807396134,197.24637908485062,198.04685350213865
NVMI,100.5107072493316,101.6975195220962,103.54210760935042,103.38462835340322,102.66575060322909
NVTA,3.336030572190669,4.402809712118513,8.376672327328212,11.950647301469871,14.497969785566438
NWS,17.384429823687224,17.920234579107714,19.055550597575635,19.671687302457244,19.984435110613436
NWSA,17.092747784381707,17.661428535222267,18.906305294642,19.62993412925693,20.01784503823027
NXGN,17.263850382877493,17.73997933664419,17.884373258762515,17.83029781126958,17.771972355812906
NXPI,168.2240943101759,172.23462182816073,178.60440176568682,181.62269455119753,182.8658208567876
ODFL,277.19158223280857,278.7756680232681,282.3456564924279,281.8230131650035,280.0800534358725
OKTA,83.23463864978532,101.57786171226188,131.2184252491257,150.67967751363372,162.63815097176112
OLO,9.012477460479777,10.648844460508213,13.775787986602852,15.966922823742957,17.342962735414726
ON,66.89479631063043,62.81965308675612,59.34086441431334,56.81891792309845,55.03687251226526
ONEM,16.086873277740878,13.987799432057539,14.732735432561396,16.59816830190138,18.136484161030133
ONVO,2.6100052541456713,2.796197529231935,3.480477269945345,4.148129203305685,4.634832540676224
OPEN,4.870037654173173,5.98142671318586,8.32980651606888,10.114629579514743,11.299726527448017
ORCL,74.62227945760534,74.91479201594998,76.6400294560516,77.30948562907834,77.41434682003032
ORLY,701.6606333896359,682.9307157014835,664.2286429694407,648.8716227804368,637.4400086309581
OSPN,10.948611155749767,11.96883936345418,13.73177450506037,15.056059550447875,15.93138305597224
OTEX,34.276787681042734,37.22002709268789,39.89169130925183,41.31553258540796,42.093601318689856
OXY,65.91439324676624,62.0532657390986,55.06383246037112,50.152438082789565,46.9903677563777
PACB,6.068809101585343,6.790629779028826,10.027291349378878,12.621508773338835,14.29790138300163
PANW,177.7171818584158,175.38363460755076,171.95992043018487,167.32639121483638,163.52413512395947
PARA,24.206930706080545,26.32915288027505,29.130508076863062,30.971300675465795,32.131511070753476
PATH,17.18193105631705,20.029425201165516,25.890951579259934,29.962931189187128,32.53036894331036
PAYA,6.567323088100313,6.454221762596979,6.777584075760128,7.2344000419649905,7.587476896275264
PAYC,352.3206446657905,338.63727904977367,346.4826703789607,355.7700400463132,361.75486539801284
PAYO,6.080979342685514,5.599336561963433,5.850774373242312,6.292313628719786,6.6321240751655175
PAYX,125.75480062965751,124.44152804478047,121.9651148861221,119.40679084515791,117.41480096317926
PCAR,88.06725563916325,87.10649157979428,86.57762607039272,86.36749634267147,86.26022963138779
PCTY,237.89279168306945,219.1541052064446,214.2500130085437,213.60653498953963,213.15613425186746
PD,25.738681237086126,27.044408849859405,29.57585422211532,31.349528442323404,32.45064633200524
PDD,60.3679003726514,56.46360989754436,60.601167388346965,67.05217346188354,72.11975499413313
PEGA,40.66551189425494,50.18183575943159,66.24980046326823,76.75480815535427,83.23566214154192
PENN,32.707110037744144,34.704880277535615,41.095319779995414,46.63592238050938,50.458323666327615
PEP,171.79748179912275,169.67161093657342,166.04448176692125,162.99147346974067,160.7996219072189
PERI,20.775173608193672,20.513614650532617,20.5893275379034,20.395689488806916,20.149882591528122
PFE,48.0300223205803,49.175497671596375,48.837530767620066,47.87837337075077,47.054298410124154
PG,142.05259580391464,144.54864414393217,145.53188809118652,144.91130150349733,144.16522038706904
PGR,122.76036770684672,117.97274331006511,112.61636349009443,109.24499363402549,107.14075455593776
PING,26.199467106373373,24.01566519019603,23.454195252629233,23.537984947353507,23.688181084017458
PKG,138.59038378823988,142.06701831559292,142.57864170818917,141.69799268599132,140.84930848089206
PLAB,19.298791351949976,19.381361083845732,18.30305904183687,17.47930031412894,16.931916719789122
PLD,126.1574747481023,129.6780121078479,132.76207550545476,132.4552416246801,131.4585153111957
PLTK,11.412412399478779,13.108976852453932,15.437194354143829,16.918676073223963,17.84025818317286
PLTR,8.523523700476417,9.670678906258685,12.055280513159635,13.803772210677925,14.91140146329842
PODD,256.2710611684062,247.7714243715433,249.51226958721927,252.7141358064784,254.81887541086695
POOL,356.8958233803656,377.903625469818,402.92762498076223,412.8598445271106,416.53342732491086
PPC,28.81917097913961,29.167607466097458,28.47453517020767,27.81030551614198,27.317640765360128
PRFT,81.64041503529201,90.20797120538391,95.65607777976884,96.18369873672145,95.44032715255439
PRGS,47.00000798498133,46.92543337964364,46.61790136030636,46.31423017835813,46.063521135789536
PRLB,42.28488520118906,45.486271372291775,51.706321883581005,58.24570599608348,63.35544058430717
PRNT,22.605225821988977,23.673664742635754,26.234745531346665,27.97696376604262,29.026758674112788
PRO,23.464154831716662,25.700775705392918,28.548060976374813,30.519022737334307,31.79254205196065
PSA,329.3916319334293,326.22377834834623,322.336567195215,316.1089982550189,310.74826913225075
PSN,41.54104480827102,40.266329797738386,38.820950454763384,38.19295973155843,37.88188464351705
PSNL,3.8271461344139976,4.8927704966229335,7.74179931719049,10.12601523319953,11.782865502332891
PSTG,29.04431501966698,28.44443274259448,27.89932550924311,27.29322780782789,26.815305119097502
PTC,116.4393232747644,114.21032977373592,114.76201567531767,116.05191794087072,116.94317256432478
PTNR,8.072437421419377,7.821893157792445,7.407840745541718,7.057707349623477,6.815588511813117
PTON,10.740222945345439,14.440083164874075,26.68242131502904,37.551573891580716,45.1594773997095
PUBM,18.998714255720387,20.012467693847697,22.69714831488738,24.673534604344713,25.965876048132927
PXD,234.1843962475582,228.5158749694371,215.70940261026212,204.30158606417638,196.25173842900853
PYCR,29.51121824058082,28.18820755369312,27.98581324553689,28.14064381373056,28.280298000861364
PYPL,92.32080551294305,95.38025495308607,118.81451698432679,138.20763141557262,150.8429318340093
QCOM,136.1034500395061,139.55294440888187,142.91832048495988,143.8491136322468,143.99180308151057
QLYS,146.5129819292947,138.59932148126927,132.8320589029568,129.21972205161617,126.85170177030449
QRVO,96.40070871184614,104.26244357197801,117.60598039010517,126.69716643536182,132.2976066738942
QSI,3.3233279943549165,3.628534500132799,4.5265064368184476,5.261527723368411,5.757590818129679
QTWO,41.69499412201312,45.74106145338596,54.518821986334785,61.31288258857886,65.88852937218978
RADA,10.47059810615301,10.913813692106686,11.168734156267085,11.195104762691175,11.175195160100207
RAMP,22.28228728933539,26.35315488203319,31.976336934401207,35.665473655438745,38.03521470421971
RBLX,41.86626218866334,42.571349583162565,49.500615271811476,54.39272745106369,57.34044727904774
RDHL,0.9189678688044396,1.1961319447674443,1.9894034826962286,2.67926605468141,3.165081482605067
RDWR,22.49310321380478,24.0940956831555,26.445571660590254,27.530425860614635,28.038002504601323
REE,1.2126737729583663,1.5488204412502546,2.4593016670905077,3.20336093185551,3.7095750712998594
REGN,634.5496628015258,627.8881043967264,624.3532255295124,617.4568543940547,611.5021830909734
RGEN,219.32641985762265,203.21473764859928,201.85678900876462,204.17957880688263,205.65646923902312
RIOT,7.370911684778783,8.875403869826734,13.049872421424048,15.92037211120488,17.630580804467517
RJF,103.96233194759743,100.92565160177324,99.00995710283145,97.06215672956212,95.44892701069331
RMBS,25.47975210529791,25.238187195253342,25.11796830112573,24.768891315099197,24.435113281429164
RNG,47.733627225380985,64.83298496904469,101.87669768229443,129.90064370135684,148.52110964290773
ROCC,37.51371286433928,36.427753719245004,34.07661125289446,31.962782569790487,30.44111172323668
ROKU,75.09745994578103,91.26190490030163,130.39676933858098,160.98159761774068,180.92494258769602
ROP,410.78021145793826,419.89364569740025,430.71458448346294,435.15228942246443,436.8630756552472
ROST,87.30803637858067,87.01707919889714,91.57766467855461,95.19091350044403,97.48064125702406
RPAY,10.500287291634661,12.063213655793492,14.117491189049364,15.540947587091239,16.46021753164789
RPD,61.23829701979017,70.68919488907619,81.20650887846315,85.83761447145092,87.92731591238002
RPRX,42.708206044456524,41.95629567809114,41.132908302955734,40.84405852653085,40.74875784653421
RPTX,12.681715102760831,13.133879796738144,15.360213534291715,17.428461107419253,18.86841161833541
RSG,142.39774530428733,137.1502857764528,132.40736126549837,128.99740100876025,126.58210159574385
RSKD,4.919588181306084,5.311063633631182,6.7165021468120365,7.758977642244662,8.431982682586519
RUN,33.15126949687827,30.368437745121003,31.85166079375415,34.390002378281906,36.3878613005473
RXRX,10.740961190561325,9.808976940962658,11.100537977032223,12.482183473463719,13.43945313028439
S,26.836080313170477,28.359023224430068,32.771113349496574,35.467975278562086,37.05302338382687
SABR,6.993219199492475,7.434990321076435,8.287318529462004,8.859468925704881,9.214182949967505
SAIC,93.20210229227212,91.30616885681812,89.41807339354571,88.60178338904626,88.19554225928896
SBUX,85.77921990769346,84.1331762354251,87.58508057059804,90.59115765036489,92.4522028212723
SCPL,12.220957055184487,12.855094005041087,13.607275385674972,14.132247328836112,14.457838049578807
SCWX,10.120403479930125,10.909402299852651,12.331230853237338,13.170490666453947,13.625956388669746
SDGR,28.883343774527866,29.568642916716627,33.58171903186319,37.779159612543125,40.83786468167723
SE,68.70371846245182,83.80526260790663,118.65809686580457,142.49166344483993,156.7283815291285
SEDG,300.9019829895376,293.7317869827924,289.1538008758848,287.1171172719749,285.92861957072716
SEE,55.318863194216995,58.08601722229053,59.41489325262334,59.1548648327837,58.642554219669506
SGEN,159.07073203958396,157.97675521510942,155.1837277121675,154.84375232176978,155.10356079722624
SGFY,24.65032391964469,20.35082126240242,18.765815804022054,18.77213551581511,18.998184759000406
SHLS,23.986362382355296,21.25179047409853,21.0654237506236,21.83315442970565,22.480581110717434
SHOP,34.47743267635509,42.101237343522605,60.36572133427429,72.61327925122475,79.94474308772863
SI,89.40187012617245,92.27868112566493,101.55360828311244,105.64797660927259,107.12522851235025
SILC,39.27719027387138,38.74634804570118,39.45405692335622,40.084494723247346,40.46374468665136
SIRI,6.253574774750075,6.260526444318988,6.200922053438451,6.152691706639554,6.119749396349174
SITM,123.66049882866812,153.28871533051225,172.3507108525009,176.09978785646976,175.81457909274636
SJM,137.16383595572708,134.26411003350614,132.07575397666542,130.46924146556006,129.32080965591666
SKLZ,1.446848837972228,1.9776426081672451,3.835693280411227,5.550449567998463,6.768553591718096
SLB,37.728948225085965,37.83180609415534,36.97980830541267,35.823858244274454,34.921073761378274
SLGC,4.165752289405337,5.128512017028725,6.476912537373741,7.240558364251808,7.682906360174456
SMAR,35.10633976785996,37.98527439391169,44.79022617424019,49.02500358468519,51.493746830756834
SMWB,8.267425396595309,9.459489188162076,11.362813037234547,12.506748248847812,13.188230026126428
SNOW,171.88434995980444,173.98253007491024,198.9129805240635,215.1418456941932,224.51348764281596
SNPS,341.04840753898486,331.93457296368234,322.4979626406721,315.95317417184964,311.2232631669864
SNY,43.522483545299465,46.77094849416575,48.128622263392344,48.388335523000976,48.4244267690012
SO,77.09682283348626,74.33279973710543,71.18587525553518,69.1851732728022,67.917184958889
SOL,5.821365101487298,5.649255796866118,5.9252334024810125,6.314578691095197,6.613998924458269
SPLK,98.92720238854187,104.19094068711455,112.45184421232692,118.30543601071089,122.23471676978055
SPNS,22.04263444795687,23.391234817605906,25.028145295166894,25.938806512363595,26.45348815876944
SPOT,108.96386361028561,117.27649228845482,141.5290959023208,160.33295696505436,172.75060492964428
SPR,30.722757223562027,33.27025477145881,36.360218325475564,37.80470369616579,38.49216820119852
SPSC,122.05730953165157,120.17286272594312,121.0386276155428,120.98555899908136,120.49396052710853
SPT,60.67034630434001,61.30121397076091,67.00459142122597,70.36328329736286,71.95560405075969
SPWR,23.992078174492153,21.581288968273718,21.278403265548743,21.737501142885005,22.145196188475722
SQ,73.11570948105619,83.57736941464145,109.34756338892225,128.22794619254208,140.15232249238124
SRE,166.06144703017765,160.0363413365192,152.7531250291977,148.0354529464301,145.08856773856317
SSNC,57.85676363231254,61.18032687677625,65.06634562423712,66.85130333196409,67.71055338839906
SST,9.790181973331423,10.162792947181416,10.610352599137421,10.701252537152797,10.711309016568954
SSYS,17.81463529044164,19.078032987935828,20.628127063604047,21.463492065146127,21.916840098332962
STLD,78.99220793412837,76.75666031982816,73.27280711527244,70.34268986404042,68.23432480473973
STNE,9.614064138978094,10.429506675244994,15.370987154574923,20.58984577304178,24.461101204017293
STX,72.37166203339343,77.54549424279469,81.89236008720358,83.02549682838925,83.12066990273323
SUMO,8.3811995578981,8.736766238035663,10.428828448695418,11.930308361862002,12.98837732940275
SURF,1.5597864156334578,1.964416229369614,2.8646940063652377,3.578962543375708,4.061998478226685
SWCH,33.8302508524926,32.819228738053944,30.70886853785644,29.10455789598198,28.016959541431127
SWI,9.479985755886565,10.565067934256925,11.929965855229645,12.825297036397096,13.394049818975185
SWKS,102.87399639447456,107.57500670936224,118.9863379847713,126.91396562316643,131.77458729422264
SYNA,124.97696147481483,139.93675297485385,156.8437555288769,162.0308031387337,163.10527765390106
TAP,53.515260367036994,53.49420976128771,52.15877683654756,51.22489821502166,50.62630179788716
TARO,34.15399115423968,36.8938341751411,42.03404665909687,45.950615712098525,48.531554446747464
TASK,17.491983968389402,21.158594051257005,26.73127939683234,29.729307378492418,31.405647631273922
TBLA,2.628395087902037,3.2267277096324154,4.208938208941234,4.7688635395316465,5.0947150026183365
TCOM,25.833193933018414,25.203544155961012,25.64091275582629,26.459618889941858,27.106408495182222
TCS,6.866983658628452,7.339863248007085,8.214076407758167,8.84815723340844,9.251673508133837
TDC,34.36641715500987,37.1371386371248,39.93866176448114,41.02811033936448,41.39744385626305
TDOC,34.30296469577906,41.33038544020331,59.623153835559435,75.13884491648508,85.99568572829968
TDY,384.1619202385742,394.95862968639955,406.34195668303556,410.4556595332,411.81171961947126
TEAM,243.7701385779682,239.85314109048414,255.8875038164897,264.84937439118596,268.7465395653774
TECH,346.2511319124018,363.1989458935883,384.43517321472706,394.05288091222707,397.9789920306915
TENB,41.678333921716174,45.060623560036966,46.98673783377136,47.257525708291126,47.17870723165893
TER,91.04656136784791,98.08672843293796,106.55312870441519,110.74743004300717,112.86545248883331
TEVA,9.219366491655956,8.944190564727908,8.905429263939995,8.998376143929914,9.08572628702047
TLS,9.816175177437698,9.701398316218352,12.024604900043135,14.249224395796706,15.791794260877555
TMUS,142.02076810110677,137.3489629248023,133.11079954352107,131.49497071338334,130.74739811096313
TOST,18.449647888838495,18.24612984806968,20.519578817104374,22.133059845199114,23.140507580905844
TRGP,68.47992410845653,67.14653641780211,63.773259399659224,60.4087383530234,57.91785513398783
TRMB,64.33088550931413,65.65874694212836,68.74765574122192,70.58002273513654,71.50871419412138
TSCO,194.40201036996206,197.84955619660238,200.29509345323433,199.168738495871,197.45438726180208
TSEM,46.23731969147992,46.047321579672506,43.77629715815949,41.68591977292646,40.22752685416465
TSLA,285.3916290151273,279.91742053952765,281.09056053328925,278.77575351240824,275.8321008139052
TSN,78.30344115557689,82.06913693930493,83.02556895622322,82.24882876466538,81.37707131659101
TSP,8.187761756290122,9.826629855944027,14.295437040066776,17.44142713110039,19.406140183132266
TTD,60.47055080011598,58.797055383446406,62.35628762701494,64.90375250526797,66.38654880518962
TTEC,57.698741926323784,64.34201814330387,71.18734654427317,74.91571836434062,76.92598360289244
TTWO,125.66674282427103,129.59960490694476,138.60826877278066,144.81779388224945,148.72583939227053
TWI,14.518726285355596,14.704392043002805,13.624973191194691,12.707734119705163,12.0939507020443
TWKS,14.152153553406778,15.738073460329014,17.709504761021158,18.730266600963397,19.308995541530177
TWLO,78.73273210947349,99.16611920195086,142.42016773287546,173.83413875019866,193.8981230070319
TWOU,8.3206129138077,9.862004631363078,13.67361198176765,16.897420761434294,19.096735615977078
TWST,42.313458743908434,43.74059272445601,53.702816600101684,62.72770946472532,68.91536697657301
TWTR,41.00233070302135,41.04368473938573,43.069820830859335,45.05634568027085,46.40914717481789
TXG,37.60032247319384,47.53844147319543,68.92139659715083,84.3803070389803,94.17832992693494
TXN,168.94932738661328,168.9228378068238,171.0391419559305,172.22591252510088,172.6887873927859
TYL,377.31780322125275,381.3758857877195,400.6389150436127,412.2737476476122,418.4755849704193
U,42.80068736297922,51.649826943131195,69.1916338043695,79.63483200274608,85.62481244160585
UAL,37.9682721656296,39.55712342868913,41.63630725001035,42.84167026943451,43.531730708198495
UIS,10.244445974665808,12.342560013811097,14.966689590905363,16.446484787277054,17.276263444722048
ULE,10.24078024737501,10.803877903840695,11.60179462666927,12.125318490078481,12.456205587165577
ULTA,412.8943404915191,401.89530858781495,391.86095678578215,383.7018025469037,377.593333751886
UNH,524.0617206852615,513.5481451079751,494.20596963865427,478.6205738701795,467.701222922474
UPLD,10.972336275944762,12.922866298541662,16.73220471566028,19.92978970748786,22.15751778389871
URGN,8.088882580207596,8.021481879970153,9.007232603020066,10.104681614096426,10.919232853495298
USD,21.564020052109115,24.694399311535573,28.667464992762373,30.389939526978814,31.130111730374605
V,204.49438559648425,206.59304477901398,209.41416830831645,211.13476687697155,212.0631055167941
VCYT,21.622164142997608,22.973549457892304,26.53383008060325,29.444884512556055,31.392328193570986
VECO,21.005909226877705,21.706389331108536,22.65555814850955,22.901416769226465,22.91084966431871
VEEV,196.2119229362031,201.46671841427667,214.91201222130954,226.0685355474287,233.33718262353528
VERV,34.01939166267975,28.710176357126684,28.850558291711803,30.23029768932524,31.279523860269865
VERX,13.281714680016126,12.963303387853205,14.052247945655973,15.19903467732559,16.048224823173367
VHC,1.6811171220657963,1.6952635372403662,2.0379073192851194,2.3884649040791555,2.6430894324371583
VIVO,32.13105194418307,30.288360277062775,27.767324539802583,26.338034819887113,25.51057407576926
VLD,4.007020514487926,4.025566313431234,5.022671407743994,5.748239114751523,6.201207799504945
VLO,112.90648774205391,110.3918025975155,102.24322265772165,96.12718575981114,92.12694131158518
VMW,116.80713288447346,116.58776921436537,117.48555097720102,118.34781547824198,118.89363790805176
VNOM,30.167161972995512,28.95678717135224,26.991428458389883,25.3743380331935,24.242679810204724
VRNS,28.89690288797344,32.00377145438002,37.22201682062674,40.46855836598941,42.37322162773015
VRNT,44.96582389652359,46.554716893068814,47.31928025815417,47.148074690964336,46.81694226349397
VRRM,16.279391809851397,16.044806667977586,15.77355100188008,15.564614611138287,15.40846722331686
VRSK,189.19699701045226,188.42252067402595,190.59684746391108,191.5075209445157,191.7738902011832
VRSN,186.12330479463984,188.30031806551813,195.70552492864275,200.0205917213776,202.3228013601874
VRTX,286.33333606792377,276.99162609724885,260.90335560784627,251.09291653686046,245.43094851340186
VST,24.836402826286328,24.250643974190154,23.184829160360252,22.39400794392323,21.880354660327274
VTRS,9.942519848564004,10.40641943376634,11.135466417981805,11.637234126763389,11.962175759017605
VUZI,7.834348063817722,7.505887976132765,7.994817908111638,8.66156746805119,9.132508960831997
WBA,37.06787596711014,39.32872866753112,41.63141906985339,42.70164851296267,43.22038674235303
WCN,139.33862191621904,134.3014613434486,131.23969576915715,129.16637012296252,127.65547340039963
WDAY,161.4094745171112,170.97924291754765,191.66682672996768,203.54647500539522,210.15994687428284
WDC,44.648163032354624,48.03576329298316,51.211880716364625,52.97843732899925,53.958634934216704
WELL,78.46671460584871,81.40246749620705,82.30907135015214,81.68720463189266,80.9162403456036
WEX,159.10246877336164,161.3352516602108,163.59429958389302,166.0618209489626,167.94122788193118
WIRE,126.04816140295821,122.9353632001553,118.56061126818777,114.09879044753872,110.61261501942869
WIX,68.41624171623758,74.24642404227036,98.51056980282245,119.81419525270684,134.53370616476275
WK,69.32183667550817,75.73798293388509,87.49270209557498,93.4559664749077,96.3310673573431
WKME,10.883300199082335,11.66376403639119,13.642464381451811,14.946304568303875,15.748021313216695
WLK,99.46865320356446,104.03384342036576,104.72401698829374,103.20059938395666,101.7722160631499
WM,167.75876635312258,162.04304836421414,157.43834995231347,154.18653619676064,151.83882032705907
WMB,33.11613258950786,32.65440125067035,31.244254739582512,30.029054727838606,29.180751330209528
WRB,66.02348024445381,65.24747253522611,62.63156036384033,60.427961236098234,58.923812977176944
WU,15.30481275686412,16.093343281169506,16.92399053249986,17.495353786068673,17.869339043760466
XEL,73.97214662371215,72.2811760937379,70.4715738122607,69.3863718429887,68.7331189334962
XM,12.634726158818225,15.425491375501025,20.394004669376386,23.411746837733602,25.191498265584663
XOM,93.67135930858221,89.85030431943304,83.17862219574731,78.26395112622524,74.99695723365946
XPER,15.604299949600586,15.86321257733089,16.50675330584275,16.99061866062972,17.291006043766757
XPEV,20.173813433435225,24.101215778142983,28.184528457189334,30.42991552817395,31.68789596463423
XRAY,34.42539739504204,37.582902929266595,42.39798339863204,45.326948061802135,47.03824035451441
Y,839.3441756576981,823.6297318717347,788.2506719593912,763.8273759482425,748.2790103495131
YEXT,4.677325342702362,5.226336656494413,6.590920909896778,7.694099043490951,8.449443909496837
YOU,25.070884305621718,25.552222628298924,27.215500530775998,28.465380200779848,29.273665726125664
Z,35.63550124403783,38.78933814430685,48.45066998133701,56.98083349231763,62.96926906799553
ZBRA,313.0254575566004,336.6385351069605,379.5554632602699,403.54174823727726,416.0523861028337
ZEN,76.82598303781856,83.23892141981652,93.21610732290453,99.4741136178527,103.35292793475911
ZG,35.76874708175525,38.7175209861868,48.357130023369756,57.06154183068893,63.218597182514344
ZI,44.04313903768807,44.45740406626329,47.46391278563036,49.09433500057954,49.87369842401115
ZIM,38.97826246792473,43.22807341873835,43.45643228007549,42.14909239839871,41.02058450243392
ZM,91.94503958166231,105.07999818497179,136.1315500044636,163.87689874565567,183.6006208160795
ZS,165.8600148752452,174.4218138578818,194.74057619902473,204.4484314424334,208.7361467263508
ZUO,8.672499188787157,9.925568274278906,11.787477212296812,12.766775647754951,13.27503875481473
ZY,2.467533705881149,2.6406593521018555,4.475714169311308,6.182187241000519,7.377986257931316
