Ticker,Price,52-Week-Low,52-Week-High,20-MA,50-MA,100-MA,150-MA,200-MA
A,118.83000183105467,112.5199966430664,179.57000732421875,118.49010543823242,120.68083770751953,125.35708503723144,131.98177068074546,137.76949001312255
AAL,14.470000267028809,11.93000030517578,22.350000381469727,13.554500102996826,15.275599994659423,16.24189992904663,16.732533289591473,17.477499961853027
AAPL,150.1699981689453,129.0399932861328,182.94000244140625,140.97399978637696,143.73112915039061,154.47518951416015,160.32945515950522,158.02709968566896
ABNB,94.66000366210938,86.70999908447266,212.58399963378903,96.19500045776367,109.01460021972656,134.0065003967285,143.88373372395833,152.4905004119873
ABST,8.380000114440918,6.789999961853027,14.5,8.595000004768371,8.552995471954345,8.423668971061707,8.458005860646566,8.905751314163208
ACCD,9.229999542236328,4.610000133514404,55.470001220703125,8.468999934196471,7.023099956512451,10.951649932861327,14.527233244578044,19.809924912452697
ACHR,3.200000047683716,2.609999895095825,10.53499984741211,3.4950000047683716,3.7594000053405763,3.8563000059127805,4.101266668637593,4.747849992513657
ACIW,26.81999969482422,23.6299991607666,37.68999862670898,26.24100008010864,26.362200088500977,28.45250009536743,30.285933316548665,30.579199991226197
ACLS,56.20000076293945,33.36000061035156,83.73999786376953,53.21500015258789,56.34140029907226,60.92920021057129,62.82980010986328,61.153900203704836
ACN,271.5199890136719,261.7699890136719,417.3699951171875,278.4350860595703,284.953212890625,301.9563754272461,322.27277486165366,329.04806106567383
ADBE,379.8599853515625,338.0,699.5399780273438,374.6199996948243,392.71760131835936,415.27210021972655,455.0794669596354,500.0613497924805
ADI,157.97000122070312,138.5,191.9499969482422,147.85150146484375,154.90013824462892,156.40546157836914,159.77172200520835,163.61842765808106
ADP,214.1300048828125,192.25999450683597,248.9600067138672,211.93849868774413,212.92939361572266,215.42103149414064,217.3794330851237,217.68925743103028
ADPT,9.529999732971191,5.954999923706055,40.0,8.82674994468689,8.059400024414062,10.007600030899049,13.716866715749104,18.222000031471254
ADSK,176.2100067138672,163.1999969482422,344.3900146484375,175.61150054931642,186.36460083007813,195.48139999389647,215.86733357747397,235.94170051574707
AEP,95.22000122070312,80.22000122070312,104.80999755859376,93.66000061035156,97.22183151245117,96.89886497497558,93.5876383972168,90.60718845367431
AFRM,23.059999465942383,13.640000343322754,176.64999389648438,20.607000160217286,22.249000186920167,29.885500059127807,45.44120002110799,69.16214993953704
AGYS,49.150001525878906,31.489999771118164,59.59999847412109,45.696000289916995,41.4784001159668,40.53360019683838,40.67640012105306,42.715400009155275
AI,19.1200008392334,13.369999885559082,61.79999923706055,18.645499992370606,18.00840009689331,19.296699991226195,22.317399984995525,27.546750016212464
AIR,41.66999816894531,30.899999618530277,52.83000183105469,41.253999900817874,44.69919990539551,45.86840007781982,43.878000005086264,41.70410002708435
AJG,165.75,135.5,187.0200042724609,162.40650024414063,160.5897689819336,164.18311172485352,162.78555725097655,162.12066146850586
AKAM,88.41000366210938,85.9000015258789,123.25,91.03000068664551,95.45000030517578,105.01650032043457,107.82966690063476,107.84650024414063
ALB,200.6999969482422,163.1999969482422,291.4800109863281,207.8839988708496,225.57777618408204,212.73129928588867,217.5269268798828,225.31057342529297
ALGN,254.8800048828125,225.8600006103516,737.4500122070312,246.6499984741211,260.9273999023437,341.59520050048826,412.9617325846354,471.1711483764648
ALLT,4.929999828338623,4.599999904632568,20.34000015258789,5.041999983787536,5.235599985122681,6.3369000005722045,7.766333335240682,9.227750008106232
ALNY,145.38999938964844,117.58000183105467,212.0,145.22700042724608,135.8788000488281,147.57009994506836,150.857333017985,159.90434963226318
ALRM,66.23999786376953,54.9900016784668,94.4499969482422,62.809499740600586,61.86639976501465,63.07590019226074,67.5762001546224,71.17315002441406
ALTR,51.36000061035156,48.19499969482422,82.95999908447266,51.99850006103516,52.468199768066405,56.8063996887207,59.94359977722168,63.71999994277954
AMAT,94.47000122070312,82.66999816894531,167.05999755859375,91.40300025939942,102.52777603149414,113.4155136871338,124.19134485880534,128.34253604888917
AMBA,68.23999786376953,60.560001373291016,227.58999633789065,67.09049949645996,73.6097998046875,85.07020004272461,111.55380015055339,128.6482504272461
AMC,15.369999885559082,9.699999809265137,55.06999969482422,13.639499998092651,13.010200023651123,15.58759997367859,17.60286666870117,22.638150024414063
AMD,81.11000061035156,71.5999984741211,164.4600067138672,79.77399978637695,89.60100006103515,97.55119995117188,108.41533325195313,113.923099899292
AMGN,248.69000244140625,198.63999938964844,258.45001220703125,243.9539993286133,244.02402893066406,240.5314782714844,234.34071645100911,226.64860397338867
AMP,230.3300018310547,219.9900054931641,332.3699951171875,236.90549926757814,252.9998159790039,270.50595657348634,281.85457895914715,284.09834663391115
AMPH,36.9900016784668,17.559999465942383,44.459999084472656,34.277500247955324,34.59780010223389,34.725800132751466,31.238200085957846,28.38060008049011
AMSWA,16.420000076293945,15.020000457763672,33.27000045776367,16.347499990463255,16.513400039672852,18.218441467285157,19.93310127258301,21.607658634185793
AMZN,113.5500030517578,101.26000213623048,188.6540069580078,110.84850044250489,112.16231018066406,131.8522804260254,141.23162353515625,148.72851020812988
ANET,101.66999816894533,85.18000030517578,148.57000732421875,96.92000045776368,100.49100067138671,113.26270034790039,118.90126673380534,117.20862506866455
ANSS,240.7899932861328,225.9199981689453,413.8900146484375,241.68899993896486,248.30099975585938,275.4741986083984,303.30859903971356,321.7706488037109
AON,271.6000061035156,223.19000244140625,341.9800109863281,267.79149703979493,269.78679809570315,290.2222573852539,288.2944989013672,291.0765670776367
AOSL,35.119998931884766,23.65999984741211,69.98999786376953,33.196000289916995,37.20880020141602,43.91299999237061,46.45273333231608,44.62895005226135
APO,50.84999847412109,45.970001220703125,81.06999969482422,50.22449970245361,52.80310089111328,56.09461547851563,60.18027486165364,62.809656677246096
APP,32.619998931884766,27.040000915527344,116.08999633789062,35.221499824523924,36.31159996032715,43.197700004577634,54.91380002339681,64.457350025177
APPF,96.0500030517578,79.9229965209961,145.24000549316406,94.89000053405762,95.69599990844726,103.8707999420166,108.81756663004558,113.52372497558594
APPN,47.79999923706055,38.77999877929688,140.25999450683594,48.90950031280518,48.713200073242184,52.364600105285646,54.95133344014486,63.183200168609616
APPS,16.940000534057617,14.43000030517578,93.9800033569336,16.902999925613404,20.867799797058105,30.254099979400635,37.13906665802002,45.70769995689392
ARBE,5.429999828338623,5.199999809265137,17.270000457763672,5.53050000667572,6.073699989318848,6.573449988365173,7.382899980545044,8.029199988842011
ARCT,16.75,11.699999809265137,65.0,16.541999912261964,17.062599868774413,20.413499870300292,24.10979986826579,28.408899869918823
ARLO,6.269999980926514,5.5,11.789999961853027,6.269500017166138,6.694000015258789,7.793599996566773,8.265466651916505,7.987199985980988
ARRY,10.829999923706056,5.445000171661377,27.67099952697754,11.738500022888184,10.701599979400635,10.389099969863892,11.244333330790202,13.555624980926513
ASAN,17.139999389648438,16.200000762939453,145.7899932861328,18.754499626159667,20.589199981689454,29.9067999458313,40.960266761779785,59.789200162887575
ASML,475.6300048828125,412.6700134277344,895.9299926757812,467.50550079345703,514.3303991699219,569.1175128173828,617.4707584635416,660.5160885620118
ATAI,4.25,2.950000047683716,20.450000762939453,3.80699999332428,3.733400011062622,4.433350014686584,5.158300008773804,7.226225011348724
ATEN,13.920000076293944,10.5,19.049999237060547,13.985499954223632,14.628661098480224,14.192994775772094,14.351883328755697,14.45470263004303
ATKR,84.58999633789062,65.802001953125,123.52999877929688,85.63899993896484,98.64699996948242,98.99729988098144,101.28693333943684,100.71225002288818
ATVI,77.38999938964844,56.400001525878906,95.2699966430664,77.11400032043457,77.3079997253418,78.3066633605957,75.98793769836426,74.49555433273315
AUDC,22.299999237060547,19.6200008392334,37.34999847412109,22.13700008392334,22.16279998779297,24.02940004348755,26.486407152811687,28.518911600112915
AUID,3.0899999141693115,1.4500000476837158,18.636999130249023,2.3675000190734865,2.8068000078201294,3.3256500005722045,5.716699991226196,7.845524985790252
AVAV,78.68000030517578,52.02999877929688,114.11000061035156,81.39800033569335,84.20839996337891,85.89800022125245,77.39946667989095,79.90155004501342
AVGO,494.4599914550781,457.5899963378906,677.760009765625,491.6301010131836,531.0255523681641,559.141266784668,572.2652537027994,559.597240447998
AVID,26.979999542236328,20.82999992370605,40.47999954223633,26.82149991989136,26.53259998321533,29.698800010681154,30.074266662597655,30.27609998703003
AVLR,84.52999877929688,66.38999938964844,191.6699981689453,77.80699920654297,78.98799987792968,85.61209999084473,95.89159983317057,112.67454978942871
AVPT,4.559999942779541,3.880000114440918,11.9399995803833,4.777999997138977,5.0211999893188475,5.132300004959107,5.458799997965495,6.142825002670288
AVTR,28.729999542236328,27.51000022888184,44.369998931884766,30.627500247955318,30.972600135803223,31.949700050354004,33.98820002237956,35.273600025177004
AVYA,2.009999990463257,1.8200000524520876,26.71999931335449,2.6719999849796294,4.307999999523163,8.296600011587143,11.627533317406971,13.653149968981744
AXON,94.6500015258789,82.48999786376953,209.0,92.67850074768066,95.32460021972656,112.17619979858398,122.78539957682291,135.4786996459961
AY,32.31999969482422,28.81999969482422,41.31999969482422,32.37000007629395,32.23923152923584,32.68842651367188,32.816504656473796,33.7282933139801
AYX,48.18999862670898,43.45000076293945,87.0,49.97400016784668,53.494800033569334,59.86359992980957,59.124399948120114,62.173349952697755
AZN,67.36000061035156,53.630001068115234,71.69999694824219,65.46300010681152,64.78300010681153,64.65265602111816,62.05365282694499,61.18379518508911
AZPN,176.1199951171875,122.29000091552734,210.6000061035156,188.37299880981445,186.31079925537108,170.183299407959,162.58826639811198,159.60894981384277
AZRE,10.90999984741211,9.9399995803833,27.4950008392334,11.848000049591064,13.078199996948243,14.91980001449585,15.36886667251587,17.03645001888275
BAC,32.25,29.670000076293945,50.11000061035156,31.733999824523927,33.910081939697264,37.19175830841064,40.06637680053711,41.34231317520142
BAH,90.3000030517578,69.68000030517578,93.4499969482422,88.65450096130371,85.57073791503906,85.08368965148925,83.78470845540365,83.6564501953125
BB,5.75,4.699999809265137,12.390000343322754,5.593499994277954,5.6853999996185305,6.172300009727478,6.920799989700317,7.761199991703034
BBWI,27.51000022888184,25.75,82.0,28.61000003814697,36.62807250976562,43.387362747192384,49.31757212320964,54.51989433288574
BEAM,57.619998931884766,27.770000457763672,129.5,45.00299987792969,38.762299880981445,47.47774997711181,55.46283330281575,63.46667484283447
BEEM,13.390000343322754,10.187999725341797,39.38999938964844,14.73450002670288,15.156400012969971,16.345700006484986,16.328199977874757,19.564000000953673
BFLY,3.700000047683716,2.309999942779541,13.5600004196167,3.3775000095367433,3.229400010108948,3.835600004196167,4.6821333471934,5.867300012111664
BG,86.41000366210938,71.7300033569336,128.39999389648438,90.14649925231933,103.06684371948242,107.43086128234863,103.02695078531902,99.21480327606201
BGNE,177.14999389648438,118.18000030517578,426.55999755859375,168.50149993896486,150.61919967651366,168.40500007629396,193.73399998982748,235.00129985809326
BHP,49.27000045776367,46.28010559082031,71.81088256835938,54.420999908447264,58.45337432861328,61.31187900543213,59.82112185160319,57.13863357543946
BIDU,140.08999633789062,101.62000274658205,191.6999969482422,147.4370002746582,136.77640060424804,137.16850006103516,142.14426696777343,146.60380043029784
BIIB,217.00999450683597,187.16000366210935,372.1199951171875,210.41600036621094,203.44139953613282,206.2098994445801,213.9907329305013,226.67004974365236
BILI,22.8799991607666,14.93000030517578,116.18000030517578,26.16899995803833,23.96719997406006,24.998099994659423,30.200933418273927,40.738700037002566
BILL,122.22000122070312,89.87000274658203,348.4949951171875,119.77550010681152,119.19639984130859,162.8881002807617,181.14633331298828,209.0527500152588
BKI,62.59999847412109,52.0,84.2699966430664,64.67899990081787,67.35539985656739,64.41909980773926,67.92453310648601,69.11044988632202
BKNG,1698.5899658203125,1669.3399658203125,2715.659912109375,1803.7930053710938,2011.834599609375,2105.563895263672,2207.6658536783852,2254.922942504883
BL,68.5,49.65999984741211,135.0,70.11925010681152,68.59769996643067,69.6651501083374,77.48910001118978,88.13192487716675
BLDE,4.869999885559082,4.159999847412109,11.989999771118164,4.861499977111817,6.027199964523316,7.012199978828431,7.134933319091797,7.793549983501435
BLDR,63.84000015258789,39.2400016784668,86.4800033569336,56.34099979400635,60.8057999420166,64.35009994506837,67.9693332417806,66.760449924469
BLI,4.389999866485596,3.6549999713897705,51.28300094604492,5.152749991416931,4.942999997138977,5.639750015735626,7.91216668287913,11.548575028181077
BLK,600.3699951171875,575.5999755859375,973.1599731445312,612.3235015869141,621.1244921875,664.604013671875,723.7308723958333,766.0547811889649
BLKB,55.93000030517578,48.52000045776367,86.95999908447266,57.14999980926514,58.12060005187988,58.66340000152588,63.26800003051758,66.50655021667481
BMBL,33.08000183105469,15.40999984741211,61.04999923706055,31.352000045776368,28.93860004425049,27.1110000038147,28.508400014241538,32.752500009536746
BMRN,87.08000183105469,70.7300033569336,94.1999969482422,84.35500030517578,80.24320053100585,80.14980003356933,82.62046686808269,82.15870025634766
BNFT,7.869999885559082,7.329999923706055,13.84000015258789,8.014499950408936,8.61060001373291,9.906399965286255,10.142666664123535,10.30795000076294
BNR,3.190000057220459,1.7400000095367432,29.15999984741211,2.773000025749206,2.8438000178337095,5.457000035047531,6.787666682402293,8.797850002646447
BNTX,161.44000244140625,117.08000183105467,464.0,148.46900024414063,150.4525305175781,152.703369140625,170.05094767252604,195.6882530975342
BOX,26.649999618530277,22.18000030517578,33.040000915527344,25.71899995803833,26.578800048828125,27.47640007019043,26.994000078837075,26.620150051116944
BR,149.32000732421875,132.39999389648438,185.3999938964844,143.6270004272461,141.83223236083984,145.80573806762695,151.4256224568685,156.59794479370117
BRKR,62.130001068115234,55.79999923706055,92.3499984741211,63.109500122070315,61.89352348327637,63.10205139160156,66.44042360941569,69.76188047409057
BSY,34.25,26.31999969482422,71.91999816894531,33.91900005340576,33.6200724029541,37.227282371521,39.0996560160319,43.323469429016114
BTRS,5.340000152587891,3.950000047683716,13.90999984741211,5.17250006198883,5.096800031661988,5.930400013923645,6.244400011698405,6.935500006675721
BX,93.0,86.97000122070312,149.77999877929688,93.3620002746582,102.45919998168945,109.62714866638184,113.73133885701498,117.96987030029297
BXP,87.38999938964844,84.86000061035156,133.11000061035156,89.04620819091797,99.49002380371094,110.98187149047851,112.292273050944,112.23011280059815
CACI,283.8099975585937,238.2899932861328,313.5199890136719,277.29000091552734,274.15600128173827,282.5725,276.3801331583659,276.3032002258301
CALX,39.54999923706055,31.59000015258789,80.94999694824219,36.43800010681152,36.26679985046387,39.957499961853024,46.08973337809245,50.49690011978149
CAMT,26.780000686645508,22.88999938964844,49.59999847412109,25.05850009918213,26.835200157165527,29.04310007095337,32.68806664784749,35.06605002403259
CARG,22.399999618530277,20.149999618530277,50.02999877929688,22.544499969482423,24.18280002593994,32.214300079345705,32.520466804504395,33.25435010910034
CARR,36.0,34.119998931884766,58.88999938964844,35.68622055053711,37.32211570739746,40.46691425323486,43.513560434977215,45.98649900436401
CASS,34.59000015258789,31.850000381469727,46.2599983215332,33.742000579833984,33.96467658996582,36.29815761566162,37.5412654876709,38.66654914855957
CAT,173.3800048828125,167.0800018310547,237.8999938964844,181.17499923706055,199.9165997314453,206.13124160766603,206.3667989095052,204.30920028686523
CBOE,118.9800033569336,103.81999969482422,139.0,115.20200119018554,112.11519989013672,113.89369987487792,117.04386652628581,119.95924991607666
CBRE,77.95999908447266,67.68000030517578,111.0,73.98999977111816,77.06820007324218,83.15379974365234,89.8099333190918,92.72584987640381
CCCS,9.199999809265137,7.409999847412109,13.460000038146973,9.253000020980835,8.969800024032592,9.611800017356872,9.972200002670288,10.402600004673005
CCEP,49.650001525878906,42.33000183105469,62.66999816894531,51.335500144958495,51.73443817138672,50.17347972869873,52.03416664123535,52.049751625061035
CCSI,48.06999969482422,,,45.29549999237061,46.54299995422363,51.78650005340576,53.70580006917318,
CDAY,49.75,43.22999954223633,130.3699951171875,48.60550022125244,52.12000030517578,58.25130039215088,67.9093335723877,80.50280038833618
CDNA,22.899999618530277,19.34499931335449,92.16999816894533,23.238000106811523,24.16640007019043,29.804500102996826,33.88633335113526,39.223800020217894
CDNS,157.0,132.32000732421875,192.6999969482422,152.34249877929688,149.81859924316407,151.99369995117186,155.8301331583659,159.43484985351563
CDW,161.50999450683594,152.14999389648438,208.7100067138672,159.22399978637696,164.47709533691406,168.43647567749022,176.0983033243815,178.62047607421874
CDXS,6.670000076293945,6.150000095367432,42.0099983215332,10.9125,10.522800045013428,14.37799991607666,17.8693333307902,21.64394995689392
CEG,55.65999984741211,,,58.32399959564209,59.162585754394534,57.14524642944336,,
CERS,5.679999828338623,4.349999904632568,8.0600004196167,5.393999981880188,5.14520001411438,5.202300000190735,5.4438666725158695,5.76235000371933
CF,84.55000305175781,43.18999862670898,113.48999786376952,85.65250053405762,92.29359649658203,94.50647415161133,86.02084223429362,79.56063062667846
CFLT,24.020000457763672,16.482999801635742,94.97000122070312,24.37200002670288,22.31719997406006,30.07520013809204,41.74780015309652,49.47680012702942
CG,32.02000045776367,30.01000022888184,60.619998931884766,32.22800016403198,35.22528781890869,39.423830127716066,43.097908159891766,45.71600083351135
CGEN,1.870000004768372,1.5499999523162842,8.170000076293945,1.967499977350235,1.9077999901771545,2.4192999947071074,2.887599995136261,3.6094499891996383
CGNT,3.9600000381469727,3.910000085830689,28.549999237060547,4.962999975681305,6.095399975776672,7.93259999036789,9.791133313179015,12.632749990224838
CGNX,45.20000076293945,41.68999862670898,92.16999816894533,44.01250076293945,46.75002586364746,58.57421203613281,62.54704429626465,67.3092901802063
CHKP,122.72000122070312,107.8499984741211,149.6199951171875,122.28399963378907,123.23759994506835,130.94349990844728,127.47579971313476,124.69314987182617
CHRW,98.4800033569336,84.66999816894531,115.98999786376952,100.07650032043458,103.49645782470704,103.02200271606445,102.16860092163085,99.77593776702881
CHTR,476.6000061035156,407.75,825.6199951171875,460.51200103759766,469.23620178222654,508.74980072021486,543.4746669514974,581.7837501525879
CLBT,5.239999771118164,4.099999904632568,13.239999771118164,5.360999917984008,5.054799947738648,5.676499972343445,6.1432666460673016,7.053149981498718
CLF,14.989999771118164,14.31999969482422,34.040000915527344,15.752500104904176,19.637000026702882,23.736700048446654,22.501866728464762,22.329450030326843
CLGN,8.649999618530273,7.5,23.0,8.343249988555907,8.709800033569335,9.553649997711181,10.46939997990926,12.552944979667664
CLLS,2.4600000381469727,2.299999952316284,15.84000015258789,2.7715000033378603,3.0799999952316286,3.6363999962806703,4.802400008837382,6.201899980306625
CLSK,4.260000228881836,3.75,23.600000381469727,4.374000012874603,5.1246000051498415,7.656400020122528,8.120466694831848,10.392600034475327
CMC,34.40999984741211,28.770000457763672,46.68000030517578,34.47449722290039,36.938002853393556,38.803429222106935,37.509545923868814,36.1818464756012
CMCSA,40.900001525878906,37.560001373291016,61.79999923706055,39.32275276184082,40.765192108154295,43.25273818969727,45.08039385477702,46.87819902420044
CMMB,3.1600000858306885,2.5299999713897705,20.959999084472656,3.525849997997284,3.310359992980957,3.7061700105667112,4.469713342984518,5.72414999127388
CMRE,10.869999885559082,9.640000343322754,18.010000228881836,11.439499950408935,12.773199996948243,13.845500841140748,13.316236680348714,13.195908870697021
CNDT,4.130000114440918,3.940000057220459,7.5,4.266000032424927,4.644000005722046,4.843900003433228,4.943933340708415,5.265749990940094
CNXC,125.29000091552734,121.5999984741211,208.47999572753903,134.84200019836425,143.6979997253418,160.57786933898925,167.69625340779623,170.55162899017333
COIN,53.790000915527344,40.83000183105469,368.8999938964844,53.97550010681152,64.20219970703126,114.69710021972656,150.96879974365234,188.09495010375977
COP,82.88999938964844,51.40999984741211,124.08000183105467,89.00159187316895,100.74958633422851,98.84092460632324,92.66666966756185,87.31712738037109
COST,522.9500122070312,397.1099853515625,612.27001953125,483.00550079345703,475.907197265625,514.7543536376953,518.1835502115886,512.2093806457519
COUP,60.15999984741211,50.540000915527344,283.3800048828125,59.58149967193604,65.19360038757324,83.32370037078857,102.72673357645671,132.5244504356384
CPRT,115.98999786376952,102.20999908447266,161.1199951171875,110.58949966430664,111.07780014038086,116.06590019226074,122.81126653035481,129.22509975433348
CPT,132.0800018310547,125.16999816894533,180.3699951171875,132.5683937072754,137.0343490600586,150.629874420166,155.46884348551433,156.18964042663575
CRL,219.75,203.3699951171875,460.2099914550781,218.3010009765625,226.51100158691406,251.88820022583008,282.20199981689456,310.9178998565674
CRM,167.3800048828125,154.5500030517578,311.75,170.13249969482422,169.75579986572265,184.33859985351563,200.6486664835612,222.60429985046386
CRNC,24.43000030517578,23.670000076293945,126.4000015258789,26.03699998855591,27.942600021362306,30.722900066375733,42.43886656443278,55.011549863815304
CRNT,2.5799999237060547,1.5299999713897705,4.329999923706055,2.3999999821186067,2.0089999985694886,2.028100001811981,2.15,2.3984500014781953
CRSP,83.38999938964844,42.51100158691406,155.8699951171875,70.30299949645996,62.04859970092773,61.16119983673096,63.622199885050456,70.56064977645875
CRWD,177.89999389648438,130.0,298.4800109863281,176.50599975585936,165.80800018310546,185.36550018310547,185.9148668416341,203.38590034484864
CSCO,43.06999969482422,40.81999969482422,64.29000091552734,42.881021118164064,44.59976913452149,48.96589687347412,51.84882280985514,52.52959508895874
CSGP,59.90999984741211,49.0,101.0500030517578,59.85149974822998,59.256799926757814,60.8128999710083,64.926466700236,70.10204992294311
CSGS,60.83000183105469,44.220001220703125,65.94999694824219,59.0829999923706,59.00900123596191,60.88170444488525,59.6401956431071,57.45914655685425
CSIQ,29.149999618530277,22.149999618530277,46.79999923706055,30.777500057220458,30.077800102233887,31.364700031280517,30.545200068155925,32.200800008773804
CSL,255.00999450683597,186.1699981689453,275.1300048828125,243.64100036621093,249.6688690185547,245.91837112426757,241.5959904988607,237.09467041015625
CSTL,24.729999542236328,15.579999923706056,78.58499908447266,22.547500133514404,21.18020004272461,28.885600032806398,32.77073332468669,38.632349996566774
CSX,28.86000061035156,27.600000381469727,38.630001068115234,28.911499881744383,30.804523086547853,32.980509185791014,33.78877563476563,33.92825458526611
CTAS,388.2799987792969,343.8599853515625,461.4400024414063,373.1165008544922,376.74503234863283,387.98020446777343,393.64105509440105,400.7505828857422
CTLP,5.559999942779541,4.28000020980835,13.25,5.453999996185303,5.143400001525879,5.816600003242493,6.5734666665395105,7.563049995899201
CTSH,65.86000061035156,63.2599983215332,93.47000122070312,67.18650016784667,70.57884155273437,78.79372314453126,81.14313451131184,80.3467045211792
CTXS,102.52999877929688,78.06999969482422,118.6500015258789,98.25899963378906,98.92179962158202,100.14149971008301,99.13519978841146,97.39512577056885
CVLT,59.369998931884766,55.720001220703125,84.22000122070312,62.85800018310547,61.579399795532225,62.72839981079102,64.2835331471761,65.38199983596802
CYBR,126.80999755859376,100.3499984741211,201.67999267578125,132.15050086975097,132.57200088500977,147.3762004852295,149.04373357137044,156.15324993133544
CZR,37.650001525878906,35.099998474121094,119.80999755859376,39.865499877929686,46.18260009765625,60.44670013427734,68.45706690470378,77.6801001739502
DAR,58.29999923706055,55.709999084472656,87.58999633789062,61.73499984741211,71.60080032348633,73.98980018615723,71.01766665140788,72.04569986343384
DASH,70.0999984741211,56.66999816894531,257.25,68.98499908447266,68.71319953918457,84.37119968414306,98.62726631164551,124.38329954147339
DBX,21.739999771118164,19.06999969482422,33.0,21.686000061035156,21.298599967956545,21.83670003890991,22.658666661580405,23.939000005722047
DCT,14.40999984741211,13.4350004196167,50.900001525878906,16.390000104904175,17.131000099182128,18.512899990081788,21.252266642252604,24.342799959182738
DDD,9.890000343322754,8.789999961853027,40.400001525878906,9.867500019073486,10.208399982452393,12.674700002670289,14.979866695404052,17.85245003223419
DDOG,93.5999984741211,81.12000274658203,199.6750030517578,98.6364990234375,98.64429977416992,119.02235000610352,131.26843343098957,140.22247512817384
DE,297.70001220703125,283.8099975585937,446.760009765625,304.2978942871094,334.7205651855469,365.8870739746094,365.72734130859374,360.3794104003906
DELL,43.459999084472656,38.33000183105469,61.540000915527344,45.60799980163574,46.183999938964845,48.158737449646,51.19159797668457,52.19512773513794
DIOD,69.37999725341797,58.52000045776367,113.9800033569336,64.80400009155274,70.300400390625,76.13100006103515,83.38546671549479,87.38884994506836
DIS,95.1999969482422,90.2300033569336,187.5800018310547,94.99899978637696,101.4102001953125,117.51199989318847,128.16200007120767,137.36204998016356
DISH,17.75,16.200000762939453,46.310001373291016,17.68799991607666,19.85179988861084,25.42139991760254,27.739666595458985,30.569499921798705
DKNG,12.859999656677246,9.770000457763672,64.58000183105469,12.326500129699706,12.831199970245361,15.380599975585938,18.464599965413413,24.576049995422363
DLB,73.08999633789062,69.18000030517578,104.25,72.508500289917,74.09491012573243,74.77816841125488,78.87997487386068,81.11692241668702
DLTR,167.9600067138672,84.26000213623047,177.19000244140625,160.21000061035156,156.6588005065918,156.5989005279541,149.80233393351236,141.09525051116944
DMRC,14.149999618530272,13.100000381469728,53.7400016784668,14.900999975204467,16.728000049591063,21.618900022506715,26.38113337834676,30.64285002231598
DNA,3.0,2.0899999141693115,15.86400032043457,2.775,2.813200011253357,3.2190000081062315,4.5450666729609175,6.521799992322922
DOCS,43.119998931884766,27.059999465942383,107.79000091552734,38.648999786376955,35.93519985198974,42.993399982452395,45.290599988301594,51.474600019454954
DOCU,63.43000030517578,55.86000061035156,314.760009765625,62.77449951171875,71.13819953918457,84.63149959564208,101.2483331044515,139.38114973068238
DOMO,30.059999465942383,23.011999130249023,98.3499984741211,29.494000053405763,30.844199867248534,38.51219980239868,41.25626649220784,51.34474982261658
DQ,66.83999633789062,32.20000076293945,90.4800033569336,67.94699916839599,56.72439987182617,50.31899990081787,46.87946662902832,51.0582999420166
DT,36.27999877929688,29.40999984741211,80.12799835205078,40.173499488830565,38.61899974822998,40.9120998954773,44.94946659088135,51.42870013237
DVN,52.709999084472656,24.049999237060547,79.4000015258789,55.210499954223636,64.32138870239258,61.16464786529541,56.24073476155599,51.963754653930664
DXC,28.739999771118164,27.280000686645508,44.18000030517578,30.006000232696532,30.924200286865233,31.213800163269042,31.80286678314209,32.09780010223389
DXCM,79.13999938964844,66.89250183105469,164.8625030517578,75.95049858093262,77.102099609375,95.10332466125489,102.85259999593099,113.47866264343261
EA,123.16000366210938,109.23999786376952,147.75999450683594,125.20349998474121,128.3031085205078,126.57073150634766,128.40038564046225,130.1952798843384
EBAY,43.61000061035156,40.52000045776367,81.19000244140625,43.01900024414063,45.07574546813965,49.822914619445804,53.78222890218099,58.43694225311279
EBIX,18.950000762939453,12.5,44.41999816894531,17.450500106811525,24.332387351989745,28.163273792266846,28.812162005106607,29.61039572715759
ECOM,14.4399995803833,11.890000343322754,29.420000076293945,14.525,13.97220001220703,15.034600009918213,17.340866673787435,19.496549997329712
EDIT,14.989999771118164,9.59000015258789,73.0250015258789,13.401499938964843,12.258000011444091,14.537600011825562,17.27560001373291,22.078400020599364
EDR,21.209999084472656,17.420000076293945,35.28499984741211,21.04250011444092,20.95420009613037,24.32,26.759799982706706,26.863899993896485
EEFT,97.6999969482422,92.87999725341795,149.9199981689453,100.91499977111816,109.14139999389648,117.45649978637695,120.53393320719401,120.29089992523194
EFX,192.4199981689453,169.25,300.1099853515625,184.017000579834,190.99741394042968,206.63792724609374,222.98922739664712,235.43558662414551
EGHT,4.550000190734863,4.349999904632568,28.190000534057617,5.276500010490418,6.5882000064849855,9.0507000207901,11.372266658147176,14.086299974918365
ENLV,4.909999847412109,3.650000095367432,13.949999809265137,4.716799974441528,4.4894200134277344,5.184360022544861,5.368506685892741,6.135630011558533
ENPH,194.91000366210935,113.4000015258789,282.4599914550781,195.16749877929686,183.54379913330078,180.55769973754883,173.6206666056315,182.93699989318847
ENTG,96.30999755859376,85.91999816894531,158.0,94.52449989318848,102.55060028076171,112.43444732666016,118.76602493286133,123.93474285125733
ENTX,1.399999976158142,1.309999942779541,6.239999771118164,1.476500004529953,1.8859000110626223,2.168980017900467,2.329453341960907,2.749990008473396
ENV,50.86000061035156,49.08000183105469,85.98999786376953,52.51900005340576,59.92539978027344,68.21129989624023,70.56293334960938,73.32775009155273
EOG,97.27999877929688,62.810001373291016,147.99000549316406,107.062109375,119.93336181640625,117.41751457214356,110.47621002197266,103.94344013214112
EPAM,302.5599975585937,168.58999633789062,725.4000244140625,309.1740005493164,314.68260009765623,295.93730010986326,380.1389349365234,443.4676014709473
ESLT,225.9900054931641,122.8499984741211,238.97000122070312,213.8778205871582,208.0898696899414,210.06444763183595,196.7321548461914,184.8180598449707
ESTC,72.05999755859375,50.7400016784668,189.83999633789065,71.96449947357178,67.32399963378906,75.84529998779297,84.78626653035482,103.80619998931884
ETSY,82.5,67.01000213623047,307.75,80.07750015258789,81.28460006713867,104.02810028076172,128.69186681111654,157.78599994659425
ETWO,6.539999961853027,6.065000057220459,13.31999969482422,7.669000029563904,7.874400024414062,8.204400033950806,8.732466681798298,9.546900026798248
EVBG,25.5,24.68000030517578,167.39999389648438,28.997500038146974,35.02659996032715,39.02599994659424,45.64413337707519,68.81774991989136
EVOP,25.950000762939453,20.06999969482422,29.950000762939453,23.736499977111816,23.091999969482423,23.10900001525879,23.444500020345053,23.22037504196167
EVTC,36.310001373291016,33.56999969482422,51.060001373291016,35.86500015258789,36.945000076293944,38.581005897521976,41.09554466247559,42.140515899658205
EW,99.43000030517578,85.58000183105469,131.72999572753906,95.22800025939941,95.80100036621094,104.74200004577636,108.95000010172527,110.20694995880127
EXAS,46.900001525878906,35.34000015258789,122.98999786376952,42.78200073242188,46.6552001953125,57.040599975585934,63.65239990234375,70.67824989318848
EXC,44.22999954223633,31.55492210388184,50.709999084472656,43.58199977874756,45.77482749938965,45.651169242858884,43.730020675659176,41.889016494750976
EXLS,145.69000244140625,105.06999969482422,156.14999389648438,145.44599990844728,141.2672006225586,138.5868007659912,135.53386708577474,133.9956502532959
EXPD,96.83000183105467,92.58000183105467,137.8000030517578,96.99900016784667,102.6412142944336,101.56134033203125,107.89990788777669,111.34341663360595
EXPE,92.3499984741211,88.69999694824219,217.72000122070312,95.79100036621094,113.9436003112793,149.8371996307373,160.3672662862142,162.61949970245362
EXR,169.57000732421875,156.6999969482422,228.83999633789065,169.0279998779297,171.58137084960939,185.1446011352539,191.03010518391926,189.9421884918213
EXTR,10.619999885559082,8.489999771118164,16.610000610351562,9.267999982833862,9.503599987030029,10.523000011444092,11.545533351898193,11.512550029754639
F,11.880000114440918,10.609999656677246,25.8700008392334,11.498500061035156,12.525200023651124,14.295564222335816,16.34510227839152,16.60069637298584
FANG,109.13999938964844,65.93000030517578,162.24000549316406,119.02199935913086,132.8981605529785,132.19557151794433,126.97151560465495,121.5166357421875
FAST,48.040000915527344,45.68000030517578,64.75,49.65999984741211,51.495400009155276,53.63685150146485,55.13870618184408,55.50985687255859
FATE,31.700000762939453,17.100000381469727,97.43000030517578,26.795500183105467,24.38400005340576,29.96319999694824,35.48253323872884,40.77429990768432
FCX,25.81999969482422,24.799999237060547,51.9900016784668,29.22627019882202,34.56837650299072,40.62783414840698,40.553684323628744,39.62064768791199
FDS,399.9800109863281,332.6700134277344,495.3999938964844,385.7345001220703,377.0238818359375,398.76918151855466,412.32520345052086,418.0076446533203
FFIV,148.3300018310547,142.42999267578125,249.0,152.9469985961914,159.08459991455078,179.60430038452148,193.98086700439453,199.65110008239745
FICO,428.2999877929688,340.4800109863281,553.969970703125,406.86599884033205,395.0644012451172,419.4661010742187,431.08586730957035,420.53725021362305
FIS,95.22000122070312,85.0,152.1999969482422,93.84799919128417,97.15351470947266,97.02891471862793,101.43096120198568,104.45445255279542
FISV,94.16000366210938,87.02999877929688,119.86000061035156,91.6740005493164,94.69240020751953,96.80759971618653,99.2293999226888,100.2761498260498
FIVN,92.31999969482422,80.5199966430664,211.67999267578125,93.74600028991699,95.71300033569337,100.75200019836426,110.7416000366211,121.13409996032715
FLT,209.6699981689453,200.77999877929688,282.0199890136719,212.90749740600586,226.35919891357423,235.0779002380371,234.07466674804687,237.00600028991698
FLYW,21.600000381469727,14.5600004196167,57.40999984741211,19.343499660491943,19.592799835205078,23.972199935913086,26.636599985758462,31.19509994506836
FMC,100.91000366210938,87.2699966430664,140.99000549316406,105.01836891174317,112.65558776855468,120.41598724365234,116.62261754353841,111.6781795501709
FORG,19.850000381469727,,,21.651500034332276,19.387000102996826,19.33310013771057,19.26813342412313,22.032300095558167
FOUR,32.75,29.38999938964844,98.95999908447266,33.27899980545044,39.66499996185303,47.38769994735718,49.479266573588056,53.72499997138977
FOX,31.030000686645508,28.959999084472656,40.90999984741211,30.27550001144409,30.90360004425049,33.70882165908814,34.41052333831787,35.10028471946716
FOXA,33.68000030517578,31.325000762939453,44.95000076293945,32.78400001525879,33.45099998474121,36.58550846099853,37.37328628540039,38.03328964233398
FROG,22.059999465942383,16.356000900268555,48.54999923706055,21.81299991607666,19.95179992675781,22.037800006866455,23.841466623942058,26.358749923706053
FSLR,65.2699966430664,59.59999847412109,123.12999725341795,68.21999988555908,68.21340011596679,72.23990005493164,75.34233337402344,83.09234992980957
FTCH,6.539999961853027,6.519999980926514,51.52999877929688,7.657499933242798,8.203999938964843,11.196699962615966,16.148400026957194,21.66660006523132
FTNT,60.220001220703125,48.72600173950195,74.35399627685547,58.17419967651367,57.2157999420166,60.45989986419678,61.54091997782389,62.31917999267578
FVRR,31.170000076293945,29.040000915527344,262.8999938964844,35.57850008010864,38.39040004730224,53.12460000991821,67.43346665700277,92.80485035896301
FWONK,59.65999984741211,45.7400016784668,71.16999816894531,61.278500175476076,61.057400131225585,62.553899879455564,62.16919987996419,60.84719985961914
G,44.119998931884766,37.68000030517578,54.02999877929688,42.91149978637695,42.70677268981934,42.508475646972656,44.93709259033203,46.04895935058594
GDYN,16.59000015258789,9.09000015258789,42.810001373291016,17.292500019073486,17.178000030517577,15.191100006103516,20.408200073242188,23.601950025558473
GENI,2.440000057220459,2.200000047683716,24.13999938964844,2.5019999742507935,2.8773999929428102,3.7146000051498413,4.728000001907349,7.4469500041008
GH,48.709999084472656,27.649999618530277,133.82000732421875,44.55849990844727,40.591399879455565,52.27969984054565,62.339199994405114,73.29720005989074
GILD,62.59999847412109,57.16999816894531,74.12000274658203,61.9060001373291,61.77394927978516,60.6664001083374,62.81258560180664,63.506060447692875
GILT,6.119999885559082,5.619999885559082,10.68000030517578,6.075500059127807,6.4124000358581545,7.2560000371932984,7.4191333802541095,7.5680500245094295
GLBE,22.68000030517578,15.630000114440918,83.7699966430664,22.056500244140626,20.68099998474121,26.136100025177,33.01626660664876,39.986050033569335
GMDA,1.9600000381469729,1.6699999570846558,6.360000133514404,1.8780000090599063,2.0942000102996827,2.822300009727478,2.829200005531311,3.014500004053116
GNRC,215.05999755859372,197.94000244140625,524.3099975585938,219.28050079345704,233.78360046386717,260.47190032958986,277.6607336425781,317.01544982910156
GOOG,2255.340087890625,2044.1600341796875,3042.0,2266.0180053710938,2265.4226025390626,2448.664404296875,2564.7948779296876,2641.7722094726564
GOOGL,2235.550048828125,2037.68994140625,3030.929931640625,2252.835498046875,2256.83359375,2440.305595703125,2558.319931640625,2634.431800537109
GPN,114.8000030517578,105.5199966430664,196.8800048828125,112.55650024414062,118.81602508544921,126.54804367065428,131.113023630778,133.38437831878662
GRMN,99.9000015258789,92.52999877929688,178.80999755859375,98.9729995727539,100.64135314941406,106.44078826904297,113.24813461303711,121.27134693145751
GS,293.8699951171875,277.8399963378906,426.1600036621094,293.0095016479492,302.58812133789064,314.89224822998045,332.99705708821614,347.7094566345215
GSL,15.710000038146973,14.619999885559082,30.020000457763672,16.570499992370607,19.72880569458008,22.75196258544922,22.911787846883136,22.79520525932312
GWRE,70.62999725341797,69.05999755859375,130.9499969482422,73.27049865722657,76.0195994567871,83.20309997558594,90.25286656697591,97.77344978332519
GWW,457.3999938964844,391.1600036621094,529.9099731445312,459.14600067138673,472.24324096679686,484.5542224121094,487.7799393717448,479.0572021484375
HAS,79.20999908447266,77.79000091552734,105.7300033569336,82.27749977111816,85.57499984741212,86.65028091430663,89.97213165283203,90.722437210083
HASI,31.3799991607666,28.68000030517578,65.73999786376953,35.78017997741699,37.081288452148435,40.75554225921631,42.35407587687175,46.141022777557374
HCC,30.26000022888184,15.899999618530272,42.95000076293945,30.803000354766844,32.80155223846435,34.33992782592773,31.61888603210449,29.59821029663086
HCKT,19.700000762939453,16.920000076293945,24.780000686645508,19.093337726593017,20.048680152893066,21.139455718994142,20.634768918355306,20.66211630821228
HEI,134.83999633789062,122.94000244140624,159.2899932861328,131.75998573303224,135.9368653869629,142.07811027526856,142.1193797302246,141.65596675872803
HIG,62.9900016784668,59.86000061035156,78.16999816894531,64.82050018310547,67.8766714477539,69.16008995056153,69.29042246500651,69.51756736755371
HOOD,8.40999984741211,,,8.237749981880189,8.853299961090087,10.337800016403198,12.1285333442688,17.86385000705719
HPQ,31.65999984741211,26.11000061035156,41.470001220703125,32.734000015258786,35.23025520324707,35.89328269958496,36.17804323832194,34.76601375579834
HUBS,273.7099914550781,257.2099914550781,866.0,303.0364959716797,323.5819995117188,388.1664999389648,443.6361338297526,527.0534498596191
HZNP,82.52999877929688,78.4000015258789,120.54000091552734,82.30400009155274,86.21899963378907,95.42939964294433,96.14826629638672,99.67784980773926
IAC,70.98999786376953,68.0999984741211,158.80999755859375,77.29149932861328,80.36199951171875,90.00279975891114,103.27966649373373,112.44849967956543
IBM,139.9199981689453,114.55999755859376,144.72999572753906,139.35699996948242,137.2430841064453,132.2425830078125,131.14851384480795,128.5835684967041
ICE,95.83000183105467,90.05000305175781,139.7899932861328,95.2270004272461,97.27972869873047,112.05705360412598,117.79185048421223,120.75186138153076
ICLR,211.1300048828125,196.33999633789065,313.0,212.8370018005371,215.40040100097656,225.50780059814454,241.7827338663737,250.06005012512207
IDCC,61.84999847412109,56.130001068115234,75.25,61.58464584350586,61.70204360961914,61.68762947082519,63.846797180175784,64.92192234039307
IDXX,370.1400146484375,318.5,706.9500122070312,357.3999984741211,361.78079895019533,437.036799621582,477.5804671223958,515.0834002685547
IIIV,26.229999542236328,17.799999237060547,32.970001220703125,24.971499919891357,24.402199974060057,25.40649995803833,24.68846664428711,24.15379997253418
ILMN,189.2100067138672,173.4499969482422,526.0,189.17749938964843,216.44279998779297,274.43319961547854,305.3209327189128,327.26959922790525
IMXI,21.399999618530277,14.65999984741211,22.940000534057617,20.93149995803833,20.325199966430663,19.858999938964843,18.554733295440673,17.99329996585846
INCR,5.809999942779541,4.5,8.770000457763672,5.895000028610229,6.236300001144409,6.3702500057220455,6.48804666519165,6.663859994411468
INCY,80.02999877929688,61.90999984741211,84.86000061035156,77.11849975585938,75.43920013427734,75.61650009155274,74.4236001586914,72.33880014419556
INMD,27.299999237060547,20.600000381469727,99.2699966430664,23.94649991989136,24.08099998474121,29.752100048065184,38.39819988250733,49.74482491493225
INTC,38.619998931884766,35.540000915527344,57.459999084472656,37.53250007629394,40.55729988098145,43.78702320098877,45.93178334554037,47.028331451416015
INTU,392.9599914550781,339.3599853515625,716.8599853515625,390.93428497314454,388.4665264892579,426.010341796875,476.45843627929685,508.2360363769531
INVZ,3.7899999618530273,2.890000104904175,10.270000457763672,3.9264999866485595,4.054200019836426,3.8223000025749205,4.176533339818318,4.5344500064849855
IONS,39.310001373291016,25.040000915527344,44.41999816894531,37.402500534057616,36.640200271606446,36.62780004501343,34.92126675923665,34.11565009117126
IOVA,12.800000190734863,6.179999828338623,27.959999084472656,11.12949995994568,11.345199966430664,13.522099981307983,14.656466604868571,16.75359993457794
IPG,28.020000457763672,26.36000061035156,39.97999954223633,27.56899995803833,29.620598220825194,32.149193096160886,33.451390240987145,33.92317507743835
IRDM,39.27999877929688,31.729999542236328,48.95000076293945,37.65550022125244,36.645199890136716,38.0243000793457,37.92666669209798,38.48020000457764
IS,3.490000009536743,2.200000047683716,13.140000343322754,2.5364999890327455,2.7567999887466432,3.8227999925613405,4.923333317438761,6.323249990940094
ISRG,210.9199981689453,186.8300018310547,369.6900024414063,203.2995018005371,211.8644012451172,246.226201171875,268.6668670654297,287.00453353881835
IT,240.69000244140625,221.38999938964844,369.0,239.7775016784668,248.01300048828125,269.00560150146487,280.3155340576172,290.2452003479004
ITRN,24.040000915527344,19.729999542236328,29.850000381469727,24.08997745513916,23.636655769348145,22.97428964614868,23.47438412984212,24.086714124679567
JAMF,24.18000030517578,19.68400001525879,49.27000045776367,25.97400016784668,25.6060001373291,29.480100021362304,31.258866653442382,33.300849990844725
JBHT,167.5800018310547,153.9199981689453,218.17999267578125,160.85399932861327,166.6621484375,177.991689453125,184.02594014485678,185.08188987731933
JBL,53.27000045776367,48.79999923706055,72.11000061035156,52.55000038146973,56.481117477416994,57.41872455596924,59.92339223225911,60.3319707107544
JCI,46.90999984741211,45.52000045776367,81.7699966430664,47.64299983978272,50.456673049926756,56.79524150848388,62.433843256632485,65.0965330696106
JD,60.2599983215332,41.560001373291016,92.69000244140624,62.88900032043457,58.372328491210936,58.57897518157959,62.59188201904297,66.70200908660888
JKHY,189.97999572753903,147.5,205.3699951171875,181.7699996948242,181.85385070800783,185.67094177246094,179.0195733642578,174.25779762268067
JKS,63.470001220703125,35.40999984741211,76.91999816894531,65.2560001373291,60.27779998779297,55.34319995880127,51.49726659138997,52.029199924469
JNPR,28.520000457763672,26.1200008392334,38.13999938964844,28.385000038146973,29.446049461364748,31.932820358276366,32.527639668782555,31.806001014709473
JOBY,5.260000228881836,3.609999895095825,14.329999923706056,5.042999982833862,5.1736000061035154,5.2427999830245975,5.389266659418742,6.247399995326996
JPM,112.9499969482422,106.05999755859376,172.9600067138672,113.20385246276855,118.79665298461914,125.5515283203125,134.75713267008464,141.69376808166504
KBR,47.81999969482422,36.709999084472656,56.93999862670898,47.14650001525879,47.44884033203125,49.94065258026123,48.452757034301754,47.09823783874512
KD,9.359999656677246,,,9.775499963760376,11.006000003814698,11.842499990463256,13.63339999516805,
KDP,36.630001068115234,32.439998626708984,39.34999847412109,35.64507484436035,35.61430679321289,36.4933736038208,36.61492449442546,36.09386964797974
KEYS,143.58999633789062,127.93000030517578,209.0800018310547,138.86650009155272,139.4961999511719,145.72389953613282,158.5733994547526,164.27714950561523
KHC,38.0099983215332,32.78499984741211,44.869998931884766,37.93999977111817,38.78455062866211,39.21419490814209,37.889029083251955,37.21011865615845
KNSL,227.25999450683597,157.80999755859375,245.3800048828125,223.18900146484376,218.28931884765626,220.66638916015626,216.45382080078124,209.11127769470215
KRNT,23.63999938964844,20.399999618530277,181.3800048828125,29.859500217437745,38.50660037994385,58.740200214385986,78.73683340708415,98.26732491493225
KTOS,13.050000190734863,12.31999969482422,28.850000381469727,13.630999946594239,13.930199985504151,16.42179998397827,16.9429333114624,18.125549964904785
LAW,21.56999969482422,,,20.43199987411499,22.189000015258788,27.289699897766113,29.598866539001463,33.95669995307922
LBRDK,118.45999908447266,102.13999938964844,194.0500030517578,114.51249923706055,116.84239959716797,126.47869972229005,134.98199946085612,143.1420994949341
LBTYA,20.799999237060547,20.18000030517578,30.57999992370605,21.363000106811523,22.45700004577637,23.703799991607667,25.003066622416178,25.92674994468689
LBTYK,21.8700008392334,21.229999542236328,30.489999771118164,22.40550003051758,23.473999938964845,24.487500076293944,25.574800033569336,26.369750022888184
LC,12.90999984741211,11.164999961853027,49.20600128173828,12.417500019073486,13.567400035858155,14.51380002975464,17.033666725158692,21.841900053024293
LCID,19.68000030517578,13.25,57.75,18.340999841690063,18.18359992980957,20.638099880218505,25.538599955240887,28.390974941253663
LDOS,98.69000244140624,81.06999969482422,111.12000274658205,99.366499710083,101.13595428466797,102.95889419555664,98.27602300008138,97.34826652526856
LHX,223.83999633789065,200.7100067138672,279.7099914550781,232.5515022277832,235.513388671875,241.9859297180176,232.86320953369142,230.18887794494628
LI,38.45000076293945,16.860000610351562,41.4900016784668,37.67900047302246,29.974600143432617,27.80130006790161,28.256266695658365,28.88200001716614
LKQ,49.95000076293945,42.36000061035156,60.43000030517578,49.46699962615967,50.024628524780276,48.257446365356444,50.69678243001302,51.81125780105591
LLY,331.6000061035156,220.1999969482422,335.3299865722656,319.4764999389648,307.5675347900391,293.81638610839843,279.7339214070638,271.329327545166
LMT,398.3800048828125,324.2300109863281,479.989990234375,415.9315017700195,428.07833862304693,434.2468731689453,410.83434692382815,392.8078512573242
LNG,124.16999816894533,80.05999755859375,150.0,128.08399925231933,133.09784408569337,134.25895797729493,125.63554331461589,120.21256656646729
LNT,58.15999984741211,54.20000076293945,65.37000274658203,57.39600009918213,58.893999938964846,59.81627532958984,59.45128555297852,58.436663646698
LOGI,53.2599983215332,49.70000076293945,128.4199981689453,53.07749996185303,56.43919982910156,64.12889991760254,69.88420008341471,73.35459991455077
LPSN,13.65999984741211,11.720000267028809,68.81999969482422,14.48149995803833,15.546599960327148,19.67659999847412,23.71879997253418,30.288699951171875
LRCX,427.1300048828125,375.8699951171875,731.8499755859375,419.1989990234375,458.8625946044922,483.4877740478516,536.3481070963542,551.503913269043
LSCC,52.68000030517578,43.40999984741211,85.44999694824219,48.43799953460693,49.06439971923828,52.368999824523925,56.665133260091146,60.84509994506836
LTCH,1.190000057220459,1.0199999809265137,14.829999923706056,1.2474999964237212,1.81760000705719,2.8625000047683717,4.11936666170756,5.419424996376038
LULU,286.4100036621094,251.50999450683597,485.8299865722656,281.20650177001954,289.57379943847656,315.2091989135742,327.96853312174477,355.1571502685547
LXU,12.479999542236328,3.584614992141724,27.450000762939453,13.56299991607666,16.884800033569334,19.103300037384034,16.21573335647583,14.493361551761627
LYFT,12.9399995803833,11.960000038146973,63.0,13.933499956130982,16.398399925231935,26.31260005950928,31.05653330485026,35.524599952697756
MA,332.57000732421875,303.6499938964844,399.9200134277344,320.59746704101565,333.72442749023435,341.9258724975586,349.2318025716146,347.5305497741699
MAA,167.49000549316406,158.85000610351562,231.6300048828125,168.45863037109376,172.4674673461914,188.7379704284668,196.20457946777344,196.5094088745117
MANH,112.29000091552734,106.0199966430664,188.5200042724609,116.09749984741211,118.4299998474121,126.71699943542481,130.98973302205403,139.52449970245362
MANT,95.58999633789062,66.91000366210938,95.9800033569336,95.36799964904785,92.81787963867187,88.43545120239258,83.49394887288412,81.81131435394288
MAR,143.35000610351562,127.2300033569336,195.8999938964844,139.26549911499023,155.10595275878907,163.1078515625,163.0224161783854,161.3136142730713
MARA,8.039999961853027,5.199999809265137,83.44999694824219,6.905000066757202,8.830400047302247,16.2175,20.612866655985513,28.188999977111816
MASI,127.8499984741211,112.06999969482422,305.2099914550781,132.3080005645752,134.02979934692382,138.50559989929198,173.9327332051595,201.4681998062134
MASS,17.75,12.600000381469728,39.81499862670898,18.946999979019164,16.622400016784667,17.405100049972535,18.09660001754761,21.284950022697448
MATX,75.98999786376953,62.34000015258789,125.33999633789062,72.92299842834473,81.5504539489746,92.0644744873047,90.7064838663737,89.23419799804688
MAXN,10.744999885559082,7.480000019073486,25.38999938964844,12.704750013351441,12.271100025177002,12.376350002288818,12.347966664632162,14.149374985694886
MCHP,62.380001068115234,54.33000183105469,90.0,58.757500076293944,63.96847236633301,67.05537181854248,71.28864326477051,73.02086748123169
MDB,277.4700012207031,213.38999938964844,590.0,284.4934989929199,270.97659973144533,326.22650024414065,366.03066691080727,401.4291502380371
MDLZ,60.7400016784668,57.630001068115234,69.47000122070312,61.420327758789064,62.247242279052735,62.514222602844235,63.50237991333008,62.54050970077515
MDWD,1.7699999809265137,1.2100000381469729,4.949999809265137,1.6895000040531158,1.760099995136261,1.919250000715256,2.105873331228892,2.3767549985647203
MELI,689.989990234375,600.6799926757812,1970.1300048828125,676.1365020751953,737.0828002929687,911.5996990966797,987.4106665039062,1107.9412481689453
MGA,55.91999816894531,52.470001220703125,92.61000061035156,55.89400005340576,59.32115447998047,61.11820339202881,67.30134890238445,70.61978380203247
MGI,10.15999984741211,5.059999942779541,12.359999656677246,10.046499967575073,9.905999965667725,10.244699993133544,9.632599992752075,8.89024999856949
MGIC,18.63999938964844,15.079999923706056,25.489999771118164,18.018500232696532,17.344000072479247,17.475818700790406,18.199918537139894,19.06113757610321
MGM,29.229999542236328,26.40999984741211,51.16999816894531,28.939000129699707,32.235510177612305,36.88072452545166,39.1603518931071,40.713053722381595
MITK,9.399999618530272,8.319999694824219,23.290000915527344,9.198999929428101,9.294400005340576,11.580500001907348,13.167733370463054,14.417150020599365
MKFG,2.109999895095825,1.7200000286102295,11.0,2.0139999985694885,2.3794000005722045,3.0586000061035157,3.7050666650136312,4.462300004959107
MMC,150.97999572753906,137.85000610351562,183.13999938964844,153.39849929809571,154.87039947509766,158.87704635620116,159.54789337158203,160.3715950012207
MMS,62.869998931884766,56.5,89.77999877929688,62.02049961090088,63.29565620422363,69.21543437957763,71.72685976664225,74.35490243911744
MNDT,22.190000534057617,13.755000114440918,23.32999992370605,21.899000072479247,21.876400070190428,21.75159999847412,20.03339999516805,19.447699990272522
MNDY,92.30999755859376,87.05000305175781,450.0,106.64099960327148,108.86080001831054,128.020400390625,166.75299997965496,213.80460014343262
MNST,97.1500015258789,71.77999877929688,99.88999938964844,94.16449966430665,90.24820022583008,85.78060020446777,86.94900034586588,87.14535026550293
MNTV,9.119999885559082,7.940000057220459,25.0,9.33700008392334,10.928400058746337,13.610800008773804,15.246933339436849,17.018900022506713
MODN,25.38999938964844,20.950000762939453,39.9900016784668,25.329499912261962,24.30159999847412,25.035699996948242,25.92653331756592,27.437450017929077
MOS,45.02000045776367,28.26000022888184,79.27999877929688,46.971499824523924,54.26246932983398,58.993877487182615,52.880272216796875,49.19818771362305
MP,28.76000022888184,27.479999542236328,60.18999862670898,31.998000144958496,35.515600051879886,41.011199951171875,41.57293337504069,40.597049980163575
MPWR,410.25,348.0199890136719,580.0,392.8028060913086,414.6650115966797,424.82649383544924,431.73877298990885,453.87041076660154
MQ,8.5,6.050000190734863,37.900001525878906,8.921499943733215,9.28959997177124,9.907600011825561,11.251199989318847,14.454349975585938
MRNA,166.91000366210938,115.61000061035156,497.489990234375,151.80849990844726,142.70899978637695,149.17589965820312,167.91033315022787,202.18339996337892
MRVL,48.220001220703125,41.06999969482422,93.8499984741211,45.70666561126709,51.836260299682614,58.68157543182373,65.41527168273926,66.53300073623657
MS,78.05000305175781,72.05000305175781,109.7300033569336,75.9515007019043,79.48460052490235,83.22151985168458,88.66235076904297,91.0089661026001
MSCI,418.8699951171875,376.4100036621094,679.8499755859375,416.14749908447266,415.7918145751953,450.37300354003906,485.9261761474609,521.8045954895019
MSFT,256.7200012207031,241.50999450683597,349.6700134277344,258.5455009460449,261.69418182373045,276.5415538024902,288.8142426554362,296.022387008667
MSI,215.0200042724609,195.17999267578125,273.6499938964844,211.03299942016602,211.37384704589843,218.75967880249024,227.42963724772136,231.69022064208986
MSTR,213.97999572753903,134.08999633789062,891.3800048828125,189.52399978637695,208.13699920654298,321.2513005065918,373.0737356567383,459.49665184020995
MTCH,65.23999786376953,63.33000183105469,182.0,71.42924919128419,74.67809951782226,85.83844978332519,97.67543309529623,110.80542488098145
MTDR,43.90999984741211,24.76000022888184,67.77999877929688,47.45800018310547,52.615471572875975,52.65452404022217,48.92322588602702,47.143588581085204
MTLS,13.829999923706056,12.4399995803833,27.549999237060547,13.774500036239624,14.346599960327149,16.644799976348878,18.32039998372396,19.462499980926513
MTRX,4.619999885559082,4.239999771118164,11.760000228881836,4.992499971389771,5.55939998626709,6.583200001716614,6.803666661580404,7.630649991035462
MTTR,3.839999914169312,3.509999990463257,37.59999847412109,3.9464999794960023,4.5784999990463255,5.873249990940094,8.848633319536845,12.344675034284592
MU,61.52999877929688,51.400001525878906,98.4499969482422,57.37100791931152,64.24354835510253,70.44197513580322,76.42382036844889,75.8477410697937
MXL,35.099998474121094,30.170000076293945,77.88999938964844,33.82649955749512,37.58979972839356,45.76639976501465,52.50906649271647,54.51099994659424
MYNA,8.0600004196167,,,7.225150012969971,8.15059998512268,9.259250006675721,10.090640020370483,
NABL,8.960000038146973,,,9.442999935150146,9.647200012207032,9.838300018310546,10.237266699473063,10.842550029754639
NCNO,30.350000381469727,23.940000534057617,79.43000030517578,32.69899997711182,32.30639987945557,37.679500102996826,41.632400067647296,48.23975005149841
NCR,28.670000076293945,27.049999237060547,48.93999862670898,30.54000005722046,32.19959991455078,35.54149997711182,37.12586659749349,38.301099967956546
NDAQ,157.07000732421875,140.30999755859375,214.9600067138672,154.99150009155272,151.5785662841797,161.82298828125,170.44071166992188,178.27253768920897
NET,46.59999847412109,38.959999084472656,221.63999938964844,47.04199981689453,52.662399978637694,79.44809993743897,90.7387998199463,111.83324983596802
NEWR,51.66999816894531,41.65999984741211,129.6999969482422,51.32450008392334,49.67379989624023,57.75009986877441,71.58373306274414,76.82404975891113
NFLX,189.1100006103516,162.7100067138672,700.989990234375,180.57850036621093,184.32580017089845,259.20310012817384,340.3990666707357,417.3812494659424
NICE,198.07000732421875,179.1300048828125,319.8800048828125,198.58700103759764,197.0203991699219,207.0925,229.2973994954427,243.05209930419923
NIU,7.179999828338623,6.070000171661377,34.439998626708984,7.832999992370605,7.849400014877319,8.864299988746643,10.915533329645793,14.164899985790253
NLOK,23.520000457763672,21.549999237060547,30.920000076293945,22.518999862670896,23.436053848266603,25.24189817428589,25.615964215596517,25.446250734329222
NNDM,3.3399999141693115,2.1700000762939453,7.929999828338623,3.215499997138977,2.9898999881744386,3.1542499923706053,3.36796665986379,3.8827749931812288
NNOX,12.449999809265137,8.229999542236328,32.41999816894531,11.544999980926514,10.484200019836425,10.352900018692017,11.322333329518637,13.994649977684022
NOVA,18.86000061035156,12.470000267028809,46.400001525878906,19.551500034332275,18.967000007629395,20.07589994430542,21.084666639963785,25.406999974250795
NOW,435.6199951171875,406.4700012207031,707.5999755859375,468.0679962158203,461.6555981445313,498.1478002929687,527.9608011881511,561.0091006469727
NRIX,16.530000686645508,7.519999980926514,37.42499923706055,13.826000070571899,11.49980001449585,12.640299978256225,16.1510666847229,19.798000025749207
NTAP,65.94999694824219,61.2599983215332,96.81999969482422,64.44421138763428,67.59232376098633,73.66213691711425,78.59904922485352,81.03999252319336
NTCT,32.849998474121094,26.01000022888184,37.68000030517578,33.21350011825562,34.0164001083374,32.87120004653931,32.519466654459634,31.73889998435974
NTES,86.43000030517578,68.62000274658203,118.19000244140624,91.15499992370606,94.93517700195312,92.59407135009765,94.7605756632487,96.25649639129638
NTLA,63.27999877929688,37.08000183105469,180.593994140625,55.352999687194824,49.541399765014646,58.08979999542236,72.92046648661295,86.546949634552
NTNX,14.420000076293944,13.4399995803833,44.5,14.789999961853027,17.29240005493164,21.538000049591066,24.100266672770182,26.865500030517577
NU,3.849999904632568,,,3.8859999775886536,4.029599990844726,5.659200000762939,6.7253333218892415,
NUE,110.31999969482422,87.70999908447266,187.8999938964844,108.47082481384277,119.50300994873047,132.46555305480956,125.2391342163086,120.45005142211915
NVAX,54.43000030517578,34.880001068115234,277.79998779296875,56.17700023651123,52.31380004882813,60.30929992675781,81.16446670532227,103.95290035247803
NVDA,157.6199951171875,140.5500030517578,346.4700012207031,157.07750091552734,168.91107299804688,201.22883865356445,223.1332501220703,233.93026458740235
NVMI,94.5500030517578,81.62999725341797,149.14999389648438,90.23150062561035,96.83520050048828,101.1269002532959,109.6572667948405,111.2252003479004
NVTA,2.8499999046325684,2.0799999237060547,34.11000061035156,2.7174999952316283,3.2252000188827514,5.403999974727631,7.898599991798401,11.839149998426437
NWS,16.020000457763672,15.18000030517578,25.690000534057617,15.8125,16.863000049591065,19.295100469589233,20.296699555714927,20.999603819847106
NWSA,15.729999542236328,14.949999809265137,26.420000076293945,15.522499895095825,16.62819986343384,19.042380628585814,20.061259454091388,20.82006194591522
NXGN,18.07999992370605,13.640000343322754,21.8700008392334,17.407000064849854,18.058999977111817,19.121800003051757,18.808933347066244,18.003900008201597
POOL,373.8500061035156,324.1400146484375,582.27001953125,358.19300231933596,381.2828619384766,409.11633728027346,439.70020060221356,456.8309468078613
PRFT,91.86000061035156,80.37000274658203,153.27999877929688,90.96700057983398,94.83160018920898,100.20209999084473,104.39946690877278,111.19535026550292
PRGS,44.630001068115234,41.68000030517578,53.9900016784668,46.20449981689453,47.087425994873044,46.281421241760256,46.15024131774902,47.07361520767212
PRLB,46.88999938964844,39.36000061035156,93.66000366210938,47.09749984741211,46.353599853515625,48.44989990234375,49.566799875895185,52.60119995117188
PRNT,21.200000762939453,20.34000015258789,40.34000015258789,21.319749736785887,22.25455982208252,25.09557991027832,27.378119888305665,29.633789939880373
PRO,24.51000022888184,23.07999992370605,47.560001373291016,26.829499912261962,27.16200008392334,28.964600048065186,29.871466725667318,30.939400053024293
PSN,39.880001068115234,29.25,41.84000015258789,39.68799991607666,38.69340019226074,38.01280012130737,36.152866770426435,35.90890007019043
PSNL,4.050000190734863,3.130000114440918,25.19499969482422,3.7440000414848327,4.06750002861023,6.038749995231629,8.121500012079874,10.504225008487701
PTC,102.23999786376952,96.5500030517578,153.72999572753906,105.72199974060058,109.0366000366211,107.74099983215332,110.90586649576822,113.3036499786377
PTNR,7.460000038146973,3.920000076293945,9.270000457763672,7.21150004863739,7.221400032043457,7.5802000141143795,7.701266667048136,7.086700010299682
PTON,8.479999542236328,8.220000267028809,129.6999969482422,9.696499967575074,11.94759994506836,18.160549964904785,23.206366653442384,34.73157506942749
PUBM,15.539999961853027,14.729999542236328,43.650001525878906,16.79749994277954,18.906199989318846,21.659099998474122,24.250200055440267,26.072800035476686
PXD,208.4499969482422,133.72999572753906,288.4599914550781,221.21949920654296,247.27402557373046,241.4037338256836,225.74375274658203,212.75891319274902
PYCR,25.100000381469727,,,25.811999988555907,24.772600059509276,26.15350004196167,26.408133379618327,27.92190004348755
PYPD,4.760000228881836,3.920000076293945,9.640000343322754,4.603500008583069,4.8328999996185305,4.977249994277954,5.102899996439616,5.673210000991821
PYPL,73.91000366210938,67.58000183105469,310.1600036621094,72.71300086975097,77.87020050048828,91.17540031433106,115.87493367513021,143.60765022277832
QCOM,144.3699951171875,118.2300033569336,193.5800018310547,129.21149864196778,133.1448046875,141.1067056274414,152.8738626098633,152.105139541626
QLYS,123.88999938964844,97.0199966430664,150.10000610351562,127.6885009765625,125.8697998046875,130.40590003967284,129.9854001871745,128.5888501739502
QRVO,100.18000030517578,90.16000366210938,201.4600067138672,96.91850051879882,102.40940017700196,112.84749946594238,123.3974663289388,132.82854949951172
QSI,2.890000104904175,2.220000028610229,14.170000076293944,2.7455000281333923,3.3756000089645384,3.894999992847443,4.52186666170756,5.330300004482269
QTWO,39.34999847412109,34.41999816894531,105.73999786376952,39.089000129699706,43.52660011291504,51.18390007019043,57.754133275349936,63.557700061798094
RADA,10.029999732971191,7.510000228881836,16.700000762939453,10.059499979019165,11.308800010681152,12.660400018692016,11.630000012715657,11.307450013160706
RAMP,26.18000030517578,22.31999969482422,58.7400016784668,27.392000007629395,26.659799995422365,32.04309993743897,36.42699981689453,40.099649848937986
RBLX,39.77000045776367,21.649999618530277,141.60000610351562,35.26350049972534,32.00580024719238,37.58780006408691,52.44073333740234,62.88705005645752
RDHL,0.949999988079071,0.6200000047683716,11.18000030517578,0.8776499986648559,0.980420000553131,1.568409996032715,1.8943400033315023,2.5335550034046173
RDWR,21.540000915527344,20.549999237060547,42.18999862670898,21.822500038146973,23.23720001220703,27.55980005264282,30.007800000508627,30.723050050735473
REE,1.2699999809265137,1.100000023841858,11.65999984741211,1.3159999907016755,1.4787000012397766,1.7961500036716465,2.6720333329836525,3.025725004076958
REGN,607.5399780273438,538.010009765625,747.4199829101562,598.3255065917969,619.0780029296875,645.6257012939453,638.6456009928386,630.6767514038086
RGEN,166.77999877929688,137.2100067138672,327.32000732421875,162.3400001525879,158.48419952392578,165.53570022583008,182.92933319091796,205.42130043029786
RHI,76.66000366210938,73.0999984741211,125.7699966430664,77.15549926757812,84.90028091430663,98.63415748596191,103.09617477416992,104.93994274139405
RIOT,5.570000171661377,4.019999980926514,46.27999877929688,4.855500054359436,6.105199995040894,11.266700034141541,14.224500036239624,18.504125034809114
RJF,90.18000030517578,81.95999908447266,117.37000274658205,89.55483512878418,92.31505401611328,98.5673528289795,100.23813486735025,99.5916444015503
RNG,49.0,47.560001373291016,315.0,54.344499588012695,59.93560012817383,85.90149993896485,115.89586690266927,145.01810005187988
ROKU,85.7699966430664,72.62999725341797,490.760986328125,88.50549926757813,89.83819961547852,103.25089965820312,130.81293340047202,169.32610034942627
ROST,77.9800033569336,69.23999786376953,127.58000183105467,74.55449981689453,80.96959548950196,87.76824424743653,92.56761428833008,97.2038621520996
RPAY,13.109999656677246,9.789999961853027,25.75,12.90150008201599,12.49220001220703,13.657100000381469,15.010533326466879,16.33014997959137
RPD,68.87000274658203,60.41999816894531,145.0,68.63400020599366,69.56280029296875,87.33010040283203,92.98973358154296,100.88490013122559
RPRX,43.93000030517578,34.86000061035156,44.75,42.061000442504884,40.817291717529294,40.39521396636963,39.999152450561525,39.56012281417847
RPTX,14.56999969482422,8.0649995803833,35.75,14.373999977111817,12.220599994659423,12.723999977111816,14.223199971516927,16.78639998435974
RSG,129.0,110.94000244140624,145.97999572753906,128.03531646728516,129.4866276550293,129.45968841552735,129.33664082845053,129.49289268493652
RSKD,3.990000009536743,,,4.508500003814698,4.731200003623963,5.442600018978119,6.030200028419495,8.69635001540184
RUN,23.559999465942383,16.799999237060547,60.59999847412109,24.421000194549556,23.99540008544922,25.44740005493164,26.928400026957195,32.7515500164032
RXRX,8.5,4.920000076293945,42.810001373291016,8.360000061988831,7.03579999923706,7.2338000011444095,9.659733327229818,12.041849994659424
S,23.84000015258789,18.63999938964844,78.52999877929688,24.457999897003173,24.108399963378908,30.46,35.47346677144368,41.90455022811889
SABR,5.670000076293945,5.449999809265137,12.649999618530272,6.162000060081482,6.866300048828125,8.684850015640258,8.817500025431315,9.125200035572052
SAIA,195.6699981689453,168.02999877929688,365.5,189.22099990844725,196.3631997680664,219.81050048828126,245.2020664469401,259.74339965820315
SAIC,91.38999938964844,78.0999984741211,95.9800033569336,91.21384735107422,87.81498489379882,87.78127944946289,86.20967880249023,86.3752815246582
SAIL,63.630001068115234,34.97999954223633,64.46499633789062,62.636000061035155,62.51659996032715,57.26879989624023,52.46393320719401,51.65999988555908
SBNY,191.57000732421875,165.36000061035156,374.760009765625,184.73950119018554,198.1122006225586,244.95998992919922,272.1963602701823,281.26766067504883
SBUX,79.62000274658203,68.38999938964844,126.31999969482422,76.83949966430664,75.72710708618165,79.89273063659668,87.53001958211263,93.32420207977295
SCHW,62.18000030517578,59.34999847412109,96.23999786376952,62.80449962615967,64.65527862548828,72.65998764038086,77.67723480224609,78.11262897491456
SCPL,13.109999656677246,10.75,22.290000915527344,13.578500127792358,13.424200057983398,13.200000009536744,13.191566658020019,14.669724960327148
SCWX,10.119999885559082,9.260000228881836,26.88999938964844,10.731999969482422,10.774000034332275,11.951800031661987,13.022800025939942,14.532849979400634
SDGR,32.04999923706055,20.709999084472656,76.81400299072266,29.12075004577637,26.529500045776366,28.804749965667725,29.55150001525879,34.44877504348755
SE,69.1500015258789,54.060001373291016,372.7000122070313,72.50799980163575,74.9092000579834,92.06250011444092,122.18560015360514,172.42270009994508
SEDG,265.8500061035156,200.8600006103516,389.7099914550781,276.6714958190918,268.0985989379883,283.8239996337891,275.66393381754557,287.3286000061035
SGEN,178.7100067138672,105.43000030517578,192.7899932861328,174.67450027465821,151.6402001953125,145.1656996154785,143.57939971923827,150.74534980773925
SGFY,16.549999237060547,10.699999809265137,30.88999938964844,14.838499975204467,13.571199932098388,14.753699989318848,14.280799999237061,14.725750021934509
SGH,17.719999313354492,15.100000381469728,37.25,18.413999938964842,21.309200019836425,23.23400005340576,25.647666753133137,25.965375061035157
SHLS,16.18000030517578,9.579999923706056,37.61000061035156,17.287499952316285,15.974999980926514,15.671799993515014,17.105000012715657,20.265099992752074
SHOP,31.270000457763672,29.71999931335449,176.2917938232422,33.42870016098023,35.18270015716553,47.83063013076782,68.53876654307048,88.4400198841095
SI,61.560001373291016,50.650001525878906,239.25999450683597,59.539500045776364,71.15960021972656,100.2787003326416,109.39446690877278,126.13325035095215
SILC,34.7599983215332,31.299999237060547,52.75,33.906500244140624,34.71820007324219,36.58930000305176,39.841333287556964,40.636249980926515
SIRI,6.349999904632568,5.690000057220459,6.880000114440918,6.137499976158142,6.151560010910035,6.225019726753235,6.175393953323364,6.1161299896240235
SITM,158.11000061035156,110.93000030517578,341.7699890136719,159.62849960327148,181.2525991821289,191.5133999633789,207.54226725260418,219.0670007324219
SIVB,408.6199951171875,374.989990234375,763.219970703125,405.6575012207032,438.5390008544922,491.13830139160154,545.2276684570312,586.5623522949219
SKLZ,1.2899999618530271,1.149999976158142,19.489999771118164,1.3419999957084656,1.5932000017166137,2.163899998664856,3.4437333218256634,5.109249986410141
SKY,55.31999969482422,43.040000915527344,85.91999816894531,50.40300025939941,51.73680015563965,55.59550006866455,61.13360020955404,63.40215005874634
SLGC,5.079999923706055,4.199999809265137,14.720000267028809,4.905499958992005,5.284199991226196,6.476199994087219,7.625066649119059,8.776149988174438
SMAR,30.5,27.049999237060547,85.6500015258789,31.627500152587892,35.03520000457764,43.34540006637573,50.9278666305542,55.22030003547668
SMWB,9.100000381469728,7.599999904632568,25.5,8.82800006866455,9.106000032424927,11.157400031089782,12.658266681035359,14.232850024700165
SNOW,147.9499969482422,110.26499938964844,405.0,143.45299797058107,139.83740005493163,176.06830039978027,219.52513371785483,251.31410022735596
SNPS,314.29998779296875,255.0200042724609,377.6000061035156,306.7934997558594,301.57440002441405,304.65229888916014,312.8919993082682,316.67399963378904
SNY,50.47999954223633,46.93000030517578,58.09999847412109,50.5649995803833,51.73769607543945,51.25217597961426,50.557046813964845,49.808360500335695
SOL,4.699999809265137,3.4600000381469727,9.720000267028809,4.782500004768371,4.658600006103516,5.21880000591278,5.402333339055379,5.9300500106811525
SPLK,95.41999816894533,84.62999725341797,176.66000366210938,93.43400001525879,97.17020004272462,113.35979972839355,114.43306660970052,122.89695011138916
SPNS,25.18000030517578,20.0,38.31999969482422,24.305000209808348,23.983185234069825,24.51536609649658,26.972567189534505,28.611899671554564
SPOT,102.33000183105467,89.02999877929688,305.6000061035156,100.79900016784669,103.96380020141602,119.9215998840332,148.64666625976562,175.21154975891113
SPR,32.130001068115234,26.18000030517578,53.310001373291016,30.026500129699706,30.88925395965576,38.17780359268188,40.615223223368325,41.28868210792542
SPSC,104.5199966430664,94.83999633789062,174.4199981689453,109.22149963378907,107.8199998474121,116.92759963989258,120.90273310343424,128.9878999710083
SPT,56.04999923706055,38.39099884033203,145.4199981689453,59.24949951171875,53.325999908447265,61.27800018310547,66.1926001739502,79.74580018997193
SPWR,16.0,12.779999732971191,34.61000061035156,16.616999912261964,16.837599964141845,18.217999963760377,18.40586663564046,20.97764998435974
SQ,65.9800033569336,56.0099983215332,289.2300109863281,64.39249973297119,74.82320007324219,96.54700004577637,110.19433339436848,140.84034996032716
SSNC,59.22999954223633,54.59000015258789,84.8499984741211,58.41850051879883,60.37933609008789,66.85501411437988,71.1393770345052,72.0952108001709
SSYS,18.950000762939453,15.859999656677246,42.83000183105469,18.3020001411438,18.514800033569337,20.773699951171874,21.86606662750244,23.608849973678588
STLD,67.05999755859375,50.540000915527344,100.37000274658205,67.06484680175781,73.99902481079101,77.27826648712158,71.43546274820963,69.0753101158142
STNE,8.59000015258789,6.809999942779541,70.73999786376953,8.26100001335144,8.926400032043457,9.881000022888184,11.671000035603841,15.892650032043457
STX,77.58000183105469,67.36000061035156,117.66999816894533,72.90281105041504,77.92725326538086,83.66742652893066,91.1283817545573,91.07144271850586
SUMO,7.25,6.869999885559082,23.479999542236328,7.7990000486373905,7.862199993133545,9.345699968338012,10.42686663945516,11.830000009536743
SURF,1.940000057220459,1.3700000047683716,8.380000114440918,1.8069999873638154,1.8731999897956848,2.3217999947071077,2.9870666654904685,3.967899999022484
SWI,10.710000038146973,9.970000267028809,23.0,10.85600004196167,11.278600025177003,11.97410002708435,12.586600030263265,13.646500039100648
SWKS,101.05999755859376,88.76000213623047,197.6199951171875,95.27299957275392,100.09128616333008,113.76998710632324,124.93574681599935,133.61136234283447
SYNA,123.79000091552734,109.26000213623048,299.3900146484375,119.86900062561035,134.22679946899413,163.5808991241455,189.7805323791504,198.32924907684327
TARO,37.77000045776367,33.59000015258789,74.29000091552734,37.33699970245361,37.0115998840332,40.34359996795654,42.83766660054525,46.754349861145016
TASK,18.11000061035156,14.380000114440918,85.49400329589844,17.45400004386902,20.37580011367798,27.28639998435974,31.534733282725018,37.862700028419496
TBLA,2.940000057220459,2.450000047683716,10.579999923706056,2.706499981880188,3.0625999784469604,4.140499980449676,5.073599998156229,6.025700005292893
TCN,10.210000038146973,,,10.100059986114502,11.23881513595581,13.280781211853027,13.76605468114217,
TCOM,25.36000061035156,14.289999961853027,34.959999084472656,24.955000019073488,22.87060001373291,23.077100028991698,23.91053337097168,25.384350099563598
TCS,6.699999809265137,6.190000057220459,14.25,6.814500021934509,7.213999977111817,7.681399984359741,8.495999997456869,9.252049994468688
TDC,37.09999847412109,33.380001068115234,59.380001068115234,37.53699989318848,37.199999771118165,41.93969989776611,42.562599919637044,44.844599895477295
TDOC,40.58000183105469,27.3799991607666,165.28500366210938,36.61450023651123,34.31820003509522,48.93929979324341,59.930399894714355,76.98634984016418
TDY,382.0299987792969,344.6600036621094,493.9700012207031,373.41149749755857,386.83699890136717,419.7842993164063,421.31293395996096,425.05460052490236
TEAM,188.88999938964844,159.5399932861328,483.1300048828125,194.9740005493164,188.15459991455077,231.63059967041016,264.89013305664065,301.3300498962402
TECH,344.3500061035156,318.07000732421875,543.8499755859375,348.4165008544922,355.1343884277344,385.82520446777346,400.48062927246093,423.2342903137207
TENB,46.91999816894531,38.77000045776367,63.61000061035156,47.82349967956543,47.97259971618652,51.9251997756958,51.52599988301595,51.429199924468996
TER,93.75,82.97000122070312,168.91000366210938,91.01399993896484,98.45511367797852,105.92087928771973,118.34528828938802,121.9251432800293
TEVA,7.010000228881836,6.78000020980835,10.5,7.523999977111816,8.043800010681153,8.376500010490417,8.417400016784669,8.639100003242493
TGT,146.6699981689453,137.16000366210938,268.9800109863281,145.11949996948243,164.5752731323242,192.8099819946289,201.77257588704427,212.5658221435547
THRY,22.540000915527344,21.405000686645508,42.9900016784668,22.896000099182128,24.157199897766112,26.377799968719483,29.176866594950358,30.12284986495972
TLS,7.460000038146973,6.539999961853027,34.68000030517578,8.02000002861023,8.263999977111816,8.96019998550415,10.393333307902019,13.63564998626709
TMHC,26.26000022888184,20.049999237060547,35.5099983215332,23.950000095367432,26.089199905395507,27.40109998703003,28.84060001373291,29.16930004119873
TMO,538.8699951171875,497.8299865722656,672.3400268554688,535.8015029907226,540.1859033203125,551.6000549316407,570.304755859375,580.859976196289
TMUS,137.3699951171875,101.51000213623048,150.1999969482422,134.4374984741211,131.5275993347168,129.47329971313476,124.81286656697591,123.1073500442505
TOST,13.989999771118164,,,14.026499891281128,14.689599952697755,17.114499893188476,20.980733235677082,28.153049926757813
TRMB,58.68000030517578,55.34999847412109,96.48999786376952,58.61799983978271,62.60039993286133,65.79649978637696,69.67913319905598,73.66674995422363
TROW,115.37999725341795,104.72000122070312,224.55999755859372,114.37399940490722,118.20194473266602,129.21416564941407,142.71672912597657,157.1515559387207
TSCO,203.1999969482422,166.49000549316406,241.5399932861328,197.87099914550782,195.06919158935546,207.40610244750977,212.25969360351561,212.14683311462403
TSEM,46.08000183105469,25.549999237060547,49.130001068115234,46.32149963378906,46.9379997253418,47.45719989776612,44.231933224995934,41.55609992980957
TSLA,720.2000122070312,620.4600219726562,1243.489990234375,702.6765014648438,722.4223999023437,829.7842974853515,879.3683968098958,908.8278973388672
TSP,8.850000381469727,5.989999771118164,64.83000183105469,8.032500052452088,8.128199996948242,10.090999965667725,15.157233276367187,20.885224952697754
TTD,43.09999847412109,39.0,114.08999633789062,44.719000244140624,48.10420013427734,57.86750007629394,65.2732667795817,70.2734500694275
TTEC,65.5,58.9900016784668,113.37000274658205,66.55449981689453,65.83020011901856,72.39563388824463,75.8777480316162,79.58840589523315
TTWO,123.8499984741211,101.8499984741211,195.8300018310547,125.84500007629394,122.80060012817383,134.77970016479492,145.6576670328776,152.5574506378174
TUFN,12.59000015258789,7.590000152587891,13.5,12.48400001525879,12.502199974060058,11.45269998550415,10.68986666361491,10.410999999046325
TWLO,84.43000030517578,77.13999938964844,412.6799926757813,88.29249992370606,95.77880004882813,121.4447999572754,155.59433380126953,194.3860006713867
TWOU,10.010000228881836,7.28000020980835,46.52000045776367,10.408000040054322,9.90680004119873,10.651549997329711,12.766533381144205,16.749349994659426
TWST,42.5,25.06999969482422,139.99000549316406,38.04250011444092,34.36279998779297,39.807899971008304,49.04519999186198,64.11095016479493
TWTR,37.7400016784668,31.299999237060547,73.33999633789062,37.587500190734865,39.53080001831054,40.29139991760254,39.986466547648114,43.69139999389648
TXG,35.900001525878906,33.29999923706055,197.08999633789065,45.60850067138672,45.96080017089844,56.660800247192384,76.0124001566569,96.03280025482178
TXN,160.5399932861328,144.4600067138672,202.25999450683597,153.51499938964844,162.25279571533204,168.09565185546876,171.82937642415365,176.2755014038086
TXT,60.150001525878906,57.11000061035156,79.44999694824219,60.00350017547608,62.8703759765625,66.92741264343262,68.99079203287761,70.17278228759766
TYL,339.1199951171875,300.8500061035156,557.5499877929688,330.85250091552734,341.67020141601563,379.06050079345704,415.09893391927085,439.9655500793457
U,33.709999084472656,29.09000015258789,210.0,39.4314998626709,40.96759994506836,65.32560012817383,84.02793340047201,101.82880043029785
UAL,38.77999877929688,30.540000915527344,54.52000045776367,36.761999702453615,41.21240005493164,42.37319988250732,43.140733337402345,44.22665002822876
UCTT,31.15999984741211,26.0,60.84000015258789,29.282500076293946,30.793800010681153,35.08980016708374,40.96700008392334,43.41779999732971
UFPI,72.37000274658203,64.12999725341797,94.8000030517578,68.67750053405761,73.59793273925781,77.10359962463379,79.49546396891276,80.00486431121826
UHAL,475.5,447.9200134277344,769.9000244140625,472.2999984741212,492.7446008300781,534.6293353271484,576.0746240234375,611.5154992675781
UIS,12.699999809265137,10.800000190734863,27.299999237060547,12.282999897003174,12.081199951171875,16.11340003013611,17.170400002797443,18.575199999809264
ULE,10.25,9.989999771118164,14.75,10.805999994277954,11.152600021362305,11.675500020980834,12.18413330713908,12.55379997253418
ULTA,397.239990234375,319.04998779296875,438.6300048828125,389.3895004272461,390.0294012451172,390.93700103759767,387.3720672607422,387.06920043945314
UPLD,11.770000457763672,11.520000457763672,41.97999954223633,14.310500049591065,13.897600021362305,15.306650009155272,16.54830000559489,19.389375
UPST,25.729999542236328,23.780000686645508,401.489990234375,32.525,41.60700012207031,73.55004989624024,90.23389979044596,138.75007457733153
URGN,9.0600004196167,4.849999904632568,19.65999984741211,8.111999940872192,6.872000007629395,7.301300005912781,7.683400011062622,9.660300023555756
URI,251.83999633789065,230.5399932861328,414.989990234375,245.96800079345704,270.9635992431641,300.3895999145508,308.8790669759115,322.4939004516602
USD,20.920000076293945,16.68000030517578,58.40999984741211,19.69550018310547,23.296800117492676,28.850500049591066,34.39380011240641,36.87920008659363
V,210.0399932861328,185.91000366210935,252.6699981689453,200.2339988708496,202.26842498779297,207.51184005737304,210.8866185506185,211.7008391571045
VCYT,26.690000534057617,14.850000381469728,54.130001068115234,22.158999824523924,19.379400024414064,22.409899997711182,26.18573329925537,30.963299989700317
VEEV,203.0800018310547,152.0399932861328,343.9599914550781,199.61449966430663,183.83319946289063,190.59509963989257,207.1461328125,230.40609977722167
VERI,6.519999980926514,5.723999977111816,37.13999938964844,6.628000044822693,7.363199996948242,11.704100017547608,14.1232000096639,17.25325002670288
VERV,23.709999084472656,10.699999809265137,78.0,17.644500064849854,15.25560001373291,18.936100025177,23.503400014241535,28.60865002632141
VERX,10.06999969482422,9.4399995803833,22.8799991607666,11.011999893188477,11.238199977874755,12.832399969100953,13.571733322143555,15.066549978256226
VG,20.979999542236328,12.850000381469728,20.989999771118164,18.51599984169006,18.75359998703003,19.453799982070922,19.88453337987264,19.24825002670288
VLD,2.640000104904175,1.2799999713897705,13.18000030517578,1.7309999942779541,2.1466000080108643,4.519300000667572,5.326066667238871,6.4630000007152555
VMW,110.62000274658205,91.52999877929688,167.8300018310547,114.24350013732911,114.38460021972656,114.05320030212403,116.76866694132487,118.62863670349121
VNOM,25.40999984741211,15.979999542236328,35.849998474121094,26.413999938964842,29.35232940673828,29.148194580078126,27.349174359639484,25.922320804595948
VRNS,27.690000534057617,26.479999542236328,73.45999908447266,30.499499988555907,31.758200035095214,38.014799976348876,39.51579995473226,44.56034996986389
VRNT,41.77000045776367,39.83000183105469,56.38999938964844,42.35599994659424,47.01299995422363,49.241100006103515,50.14153330485026,49.33654993057251
VRRM,16.09000015258789,12.699999809265137,18.1299991607666,15.708499956130982,15.506999988555908,15.593499994277954,15.578533306121827,15.492349982261658
VRSK,178.8300018310547,156.0500030517578,231.57000732421875,172.4780014038086,172.60477630615233,187.39650405883788,194.00138315836588,198.97942375183106
VRSN,177.47999572753906,155.25,257.0299987792969,169.28949890136718,169.96920013427734,190.92550033569336,203.92073354085286,209.28615036010743
VRTX,292.8399963378906,176.36000061035156,296.8399963378906,283.29650497436523,268.91200256347656,263.0838009643555,251.1920009358724,235.12755088806153
VTRS,9.850000381469728,9.65999984741211,15.600000381469728,10.457000064849854,10.928091564178466,10.84713994026184,11.924187246958414,12.21987578868866
VUZI,6.940000057220459,3.880000114440918,19.32999992370605,6.977499961853027,6.1743999862670895,6.072899975776672,6.589199984868367,7.775649983882904
WAT,334.010009765625,288.32000732421875,428.2200012207031,330.90350036621095,328.11840087890624,320.6617004394531,326.27666748046875,331.7971508789062
WBA,38.02999877929688,36.56999969482422,55.0,39.10699977874756,41.168207244873045,43.25044723510742,45.39969975789388,45.67986642837524
WCC,104.23999786376952,93.8000030517578,144.42999267578125,106.45900039672851,118.83499969482422,121.59790000915527,123.10126647949218,124.36265003204346
WDAY,140.7100067138672,134.10000610351562,307.8099975585937,142.80650100708007,156.90760009765626,192.33699996948243,212.64066670735676,228.70629997253417
WDC,47.40999984741211,41.630001068115234,72.1500015258789,45.69600009918213,53.02059997558594,51.30940002441406,53.78053337097168,54.527550029754636
WEX,159.07000732421875,123.01000213623048,208.3800048828125,156.60600051879882,160.29420043945314,164.54570083618165,159.7874006652832,159.8509501647949
WFC,41.130001068115234,36.540000915527344,60.29999923706055,39.49149990081787,41.739799880981444,45.32162593841553,47.85070828755697,48.07684938430786
WIRE,105.05999755859376,65.9800033569336,151.63999938964844,104.84673843383788,118.6060334777832,117.4554468536377,119.73057963053385,121.33155311584473
WIX,61.02999877929688,53.119998931884766,309.0,65.26850032806396,64.66479995727539,76.47720001220704,95.92293319702148,117.30434993743897
WK,60.900001525878906,59.525001525878906,173.24000549316406,66.62399940490722,69.19739959716797,87.47739990234375,98.63566645304363,109.91219978332519
WKME,8.960000038146973,7.599999904632568,34.41999816894531,9.836250066757202,10.577300052642823,12.628850030899049,14.355366655985515,16.688124980926514
WM,152.00999450683594,138.5800018310547,170.17999267578125,149.8689987182617,153.44442352294922,154.44014221191406,154.21094848632814,155.08206855773926
WST,300.44000244140625,275.8900146484375,475.3500061035156,301.0864974975586,302.3493988037109,341.68861267089846,364.691572265625,379.39448654174805
WU,16.329999923706055,15.300000190734863,23.68000030517578,16.383499765396117,16.771466884613037,17.447674722671508,17.61039810816447,17.69133264064789
XEL,69.95999908447266,61.15999984741211,76.62999725341797,68.80499935150146,71.37556526184082,71.04690818786621,69.67636032104492,68.01949392318726
XM,12.65999984741211,11.32699966430664,49.02999877929688,12.97100009918213,14.111599998474121,20.432900009155272,23.817133305867515,27.994899978637694
XPER,14.800000190734863,13.390000343322754,21.920000076293945,14.592499923706054,15.46943914413452,15.99203260421753,16.659855626424154,17.11073169708252
XPEV,29.540000915527344,18.010000228881836,56.45000076293945,30.956500148773195,26.43040012359619,27.09680004119873,32.13726674397787,35.27775005340576
XRAY,34.90999984741211,33.779998779296875,66.9800033569336,35.48023529052735,37.37743637084961,42.756173858642576,46.49055610656738,48.58617321014404
YEXT,4.53000020980835,4.260000228881836,14.279999732971191,4.996500015258789,5.125600004196167,5.815599999427795,6.878866662979126,8.04145000219345
YOU,20.93000030517578,18.790000915527344,65.69999694824219,21.38700008392334,24.87379997253418,25.49290002822876,25.841600036621095,29.34090003013611
Z,34.5099983215332,28.61000061035156,122.58499908447266,33.21349945068359,36.517599716186524,43.18129985809326,47.67126653035482,54.76604986190796
ZBRA,297.7200012207031,283.7200012207031,615.0,297.54349822998046,316.34239807128904,360.37479919433594,416.8778653971354,452.0794493103027
ZEN,74.33000183105469,54.15999984741211,153.42999267578125,69.87150001525879,82.85580001831055,101.3283999633789,101.54493321736653,103.43474979400635
ZG,34.56999969482422,28.76000022888184,123.18000030517578,33.3714997291565,36.35579990386963,42.52890001296997,46.879866727193196,54.20760020256043
ZI,36.22999954223633,30.309999465942383,79.16999816894531,35.32949981689453,38.348599929809566,46.29259998321533,49.609133351643884,54.14609992980957
ZIM,46.43999862670898,33.709999084472656,91.2300033569336,46.224999809265135,55.14681427001953,57.165316848754884,53.71899202982585,49.57592481613159
ZM,99.8499984741211,79.02999877929688,406.4800109863281,112.08749923706054,105.30179946899415,108.63609970092773,127.26586664835612,158.21034992218017
ZS,149.32000732421875,125.12000274658205,376.1099853515625,155.71099853515625,152.98519927978515,189.00339981079102,218.52286661783853,242.24784996032716
ZUO,8.6899995803833,8.25,23.25,9.204499959945679,9.709399967193603,11.845299968719482,13.634133294423421,15.273049960136413
ZY,1.9700000286102293,1.100000023841858,41.150001525878906,1.5180000066757202,1.4921999979019165,2.1550499975681303,3.3498333271344505,5.156450002789497
